"date","value","topic","variable_short","variable_long","location","unit","source","update","public","description"
2020-02-16,13.1278698109053,"MobilitÃ¤t","tages_distanz_median","mediane Tagesdistanz","CH","km","intervista Tracking-panel","tÃ¤glich","ja","https://github.com/statistikZH/covid19monitoring_mobility_intervista"
2020-02-16,13.1278698109053,"MobilitÃ¤t","tages_distanz_median","mediane Tagesdistanz","CH","km","intervista Tracking-panel","tÃ¤glich","ja","https://github.com/statistikZH/covid19monitoring_mobility_intervista"
2020-02-16,23.8158003569251,"MobilitÃ¤t","tages_distanz_median_alter_1529","mediane Tagesdistanz der 15-29-Jährigen","CH","km","intervista Tracking-panel","tÃ¤glich","ja","https://github.com/statistikZH/covid19monitoring_mobility_intervista"
2020-02-16,12.1765173666483,"MobilitÃ¤t","tages_distanz_median_alter_3064","mediane Tagesdistanz der 30-64-Jährigen","CH","km","intervista Tracking-panel","tÃ¤glich","ja","https://github.com/statistikZH/covid19monitoring_mobility_intervista"
2020-02-16,7.38863408294803,"MobilitÃ¤t","tages_distanz_median_alter_6579","mediane Tagesdistanz der über 65-Jährigen","CH","km","intervista Tracking-panel","tÃ¤glich","ja","https://github.com/statistikZH/covid19monitoring_mobility_intervista"
2020-02-16,26.8459496250681,"MobilitÃ¤t","tages_distanz_median_in_ausbildung","mediane Tagesdistanz in Ausbildung","CH","km","intervista Tracking-panel","tÃ¤glich","ja","https://github.com/statistikZH/covid19monitoring_mobility_intervista"
2020-02-16,11.640655975925,"MobilitÃ¤t","tages_distanz_median_weiblich","mediane Tagesdistanz der Frauen","CH","km","intervista Tracking-panel","tÃ¤glich","ja","https://github.com/statistikZH/covid19monitoring_mobility_intervista"
2020-02-17,21.3013587016009,"MobilitÃ¤t","tages_distanz_median","mediane Tagesdistanz","CH","km","intervista Tracking-panel","tÃ¤glich","ja","https://github.com/statistikZH/covid19monitoring_mobility_intervista"
2020-02-17,21.3013587016009,"MobilitÃ¤t","tages_distanz_median","mediane Tagesdistanz","CH","km","intervista Tracking-panel","tÃ¤glich","ja","https://github.com/statistikZH/covid19monitoring_mobility_intervista"
2020-02-17,26.6479278548447,"MobilitÃ¤t","tages_distanz_median_alter_1529","mediane Tagesdistanz der 15-29-Jährigen","CH","km","intervista Tracking-panel","tÃ¤glich","ja","https://github.com/statistikZH/covid19monitoring_mobility_intervista"
2020-02-17,23.4365634298656,"MobilitÃ¤t","tages_distanz_median_alter_3064","mediane Tagesdistanz der 30-64-Jährigen","CH","km","intervista Tracking-panel","tÃ¤glich","ja","https://github.com/statistikZH/covid19monitoring_mobility_intervista"
2020-02-17,10.1294509286421,"MobilitÃ¤t","tages_distanz_median_alter_6579","mediane Tagesdistanz der über 65-Jährigen","CH","km","intervista Tracking-panel","tÃ¤glich","ja","https://github.com/statistikZH/covid19monitoring_mobility_intervista"
2020-02-17,21.950753533701,"MobilitÃ¤t","tages_distanz_median_in_ausbildung","mediane Tagesdistanz in Ausbildung","CH","km","intervista Tracking-panel","tÃ¤glich","ja","https://github.com/statistikZH/covid19monitoring_mobility_intervista"
2020-02-17,18.4467186365682,"MobilitÃ¤t","tages_distanz_median_weiblich","mediane Tagesdistanz der Frauen","CH","km","intervista Tracking-panel","tÃ¤glich","ja","https://github.com/statistikZH/covid19monitoring_mobility_intervista"
2020-02-18,23.5458931925589,"MobilitÃ¤t","tages_distanz_median","mediane Tagesdistanz","CH","km","intervista Tracking-panel","tÃ¤glich","ja","https://github.com/statistikZH/covid19monitoring_mobility_intervista"
2020-02-18,23.5458931925589,"MobilitÃ¤t","tages_distanz_median","mediane Tagesdistanz","CH","km","intervista Tracking-panel","tÃ¤glich","ja","https://github.com/statistikZH/covid19monitoring_mobility_intervista"
2020-02-18,27.7863863917894,"MobilitÃ¤t","tages_distanz_median_alter_1529","mediane Tagesdistanz der 15-29-Jährigen","CH","km","intervista Tracking-panel","tÃ¤glich","ja","https://github.com/statistikZH/covid19monitoring_mobility_intervista"
2020-02-18,25.5292369542045,"MobilitÃ¤t","tages_distanz_median_alter_3064","mediane Tagesdistanz der 30-64-Jährigen","CH","km","intervista Tracking-panel","tÃ¤glich","ja","https://github.com/statistikZH/covid19monitoring_mobility_intervista"
2020-02-18,13.7392036477103,"MobilitÃ¤t","tages_distanz_median_alter_6579","mediane Tagesdistanz der über 65-Jährigen","CH","km","intervista Tracking-panel","tÃ¤glich","ja","https://github.com/statistikZH/covid19monitoring_mobility_intervista"
2020-02-18,23.5286259430832,"MobilitÃ¤t","tages_distanz_median_in_ausbildung","mediane Tagesdistanz in Ausbildung","CH","km","intervista Tracking-panel","tÃ¤glich","ja","https://github.com/statistikZH/covid19monitoring_mobility_intervista"
2020-02-18,20.1025491057801,"MobilitÃ¤t","tages_distanz_median_weiblich","mediane Tagesdistanz der Frauen","CH","km","intervista Tracking-panel","tÃ¤glich","ja","https://github.com/statistikZH/covid19monitoring_mobility_intervista"
2020-02-19,22.8942348731221,"MobilitÃ¤t","tages_distanz_median","mediane Tagesdistanz","CH","km","intervista Tracking-panel","tÃ¤glich","ja","https://github.com/statistikZH/covid19monitoring_mobility_intervista"
2020-02-19,22.8942348731221,"MobilitÃ¤t","tages_distanz_median","mediane Tagesdistanz","CH","km","intervista Tracking-panel","tÃ¤glich","ja","https://github.com/statistikZH/covid19monitoring_mobility_intervista"
2020-02-19,29.0649440012757,"MobilitÃ¤t","tages_distanz_median_alter_1529","mediane Tagesdistanz der 15-29-Jährigen","CH","km","intervista Tracking-panel","tÃ¤glich","ja","https://github.com/statistikZH/covid19monitoring_mobility_intervista"
2020-02-19,24.2576387564776,"MobilitÃ¤t","tages_distanz_median_alter_3064","mediane Tagesdistanz der 30-64-Jährigen","CH","km","intervista Tracking-panel","tÃ¤glich","ja","https://github.com/statistikZH/covid19monitoring_mobility_intervista"
2020-02-19,13.0491628671972,"MobilitÃ¤t","tages_distanz_median_alter_6579","mediane Tagesdistanz der über 65-Jährigen","CH","km","intervista Tracking-panel","tÃ¤glich","ja","https://github.com/statistikZH/covid19monitoring_mobility_intervista"
2020-02-19,24.5007824717716,"MobilitÃ¤t","tages_distanz_median_in_ausbildung","mediane Tagesdistanz in Ausbildung","CH","km","intervista Tracking-panel","tÃ¤glich","ja","https://github.com/statistikZH/covid19monitoring_mobility_intervista"
2020-02-19,20.0136091867464,"MobilitÃ¤t","tages_distanz_median_weiblich","mediane Tagesdistanz der Frauen","CH","km","intervista Tracking-panel","tÃ¤glich","ja","https://github.com/statistikZH/covid19monitoring_mobility_intervista"
2020-02-20,25.0814735209615,"MobilitÃ¤t","tages_distanz_median","mediane Tagesdistanz","CH","km","intervista Tracking-panel","tÃ¤glich","ja","https://github.com/statistikZH/covid19monitoring_mobility_intervista"
2020-02-20,25.0814735209615,"MobilitÃ¤t","tages_distanz_median","mediane Tagesdistanz","CH","km","intervista Tracking-panel","tÃ¤glich","ja","https://github.com/statistikZH/covid19monitoring_mobility_intervista"
2020-02-20,27.4528446968669,"MobilitÃ¤t","tages_distanz_median_alter_1529","mediane Tagesdistanz der 15-29-Jährigen","CH","km","intervista Tracking-panel","tÃ¤glich","ja","https://github.com/statistikZH/covid19monitoring_mobility_intervista"
2020-02-20,26.6862901584546,"MobilitÃ¤t","tages_distanz_median_alter_3064","mediane Tagesdistanz der 30-64-Jährigen","CH","km","intervista Tracking-panel","tÃ¤glich","ja","https://github.com/statistikZH/covid19monitoring_mobility_intervista"
2020-02-20,16.2822380501927,"MobilitÃ¤t","tages_distanz_median_alter_6579","mediane Tagesdistanz der über 65-Jährigen","CH","km","intervista Tracking-panel","tÃ¤glich","ja","https://github.com/statistikZH/covid19monitoring_mobility_intervista"
2020-02-20,23.476389260388,"MobilitÃ¤t","tages_distanz_median_in_ausbildung","mediane Tagesdistanz in Ausbildung","CH","km","intervista Tracking-panel","tÃ¤glich","ja","https://github.com/statistikZH/covid19monitoring_mobility_intervista"
2020-02-20,22.3401385986347,"MobilitÃ¤t","tages_distanz_median_weiblich","mediane Tagesdistanz der Frauen","CH","km","intervista Tracking-panel","tÃ¤glich","ja","https://github.com/statistikZH/covid19monitoring_mobility_intervista"
2020-02-21,26.3999384053439,"MobilitÃ¤t","tages_distanz_median","mediane Tagesdistanz","CH","km","intervista Tracking-panel","tÃ¤glich","ja","https://github.com/statistikZH/covid19monitoring_mobility_intervista"
2020-02-21,26.3999384053439,"MobilitÃ¤t","tages_distanz_median","mediane Tagesdistanz","CH","km","intervista Tracking-panel","tÃ¤glich","ja","https://github.com/statistikZH/covid19monitoring_mobility_intervista"
2020-02-21,39.548766263598,"MobilitÃ¤t","tages_distanz_median_alter_1529","mediane Tagesdistanz der 15-29-Jährigen","CH","km","intervista Tracking-panel","tÃ¤glich","ja","https://github.com/statistikZH/covid19monitoring_mobility_intervista"
2020-02-21,25.9838143535056,"MobilitÃ¤t","tages_distanz_median_alter_3064","mediane Tagesdistanz der 30-64-Jährigen","CH","km","intervista Tracking-panel","tÃ¤glich","ja","https://github.com/statistikZH/covid19monitoring_mobility_intervista"
2020-02-21,14.0802491877225,"MobilitÃ¤t","tages_distanz_median_alter_6579","mediane Tagesdistanz der über 65-Jährigen","CH","km","intervista Tracking-panel","tÃ¤glich","ja","https://github.com/statistikZH/covid19monitoring_mobility_intervista"
2020-02-21,39.023572194013,"MobilitÃ¤t","tages_distanz_median_in_ausbildung","mediane Tagesdistanz in Ausbildung","CH","km","intervista Tracking-panel","tÃ¤glich","ja","https://github.com/statistikZH/covid19monitoring_mobility_intervista"
2020-02-21,21.5311019178547,"MobilitÃ¤t","tages_distanz_median_weiblich","mediane Tagesdistanz der Frauen","CH","km","intervista Tracking-panel","tÃ¤glich","ja","https://github.com/statistikZH/covid19monitoring_mobility_intervista"
2020-02-22,20.6711114325695,"MobilitÃ¤t","tages_distanz_median","mediane Tagesdistanz","CH","km","intervista Tracking-panel","tÃ¤glich","ja","https://github.com/statistikZH/covid19monitoring_mobility_intervista"
2020-02-22,20.6711114325695,"MobilitÃ¤t","tages_distanz_median","mediane Tagesdistanz","CH","km","intervista Tracking-panel","tÃ¤glich","ja","https://github.com/statistikZH/covid19monitoring_mobility_intervista"
2020-02-22,35.1554913203225,"MobilitÃ¤t","tages_distanz_median_alter_1529","mediane Tagesdistanz der 15-29-Jährigen","CH","km","intervista Tracking-panel","tÃ¤glich","ja","https://github.com/statistikZH/covid19monitoring_mobility_intervista"
2020-02-22,19.9291739386782,"MobilitÃ¤t","tages_distanz_median_alter_3064","mediane Tagesdistanz der 30-64-Jährigen","CH","km","intervista Tracking-panel","tÃ¤glich","ja","https://github.com/statistikZH/covid19monitoring_mobility_intervista"
2020-02-22,11.4178890036092,"MobilitÃ¤t","tages_distanz_median_alter_6579","mediane Tagesdistanz der über 65-Jährigen","CH","km","intervista Tracking-panel","tÃ¤glich","ja","https://github.com/statistikZH/covid19monitoring_mobility_intervista"
2020-02-22,31.5653314106959,"MobilitÃ¤t","tages_distanz_median_in_ausbildung","mediane Tagesdistanz in Ausbildung","CH","km","intervista Tracking-panel","tÃ¤glich","ja","https://github.com/statistikZH/covid19monitoring_mobility_intervista"
2020-02-22,19.8002549075117,"MobilitÃ¤t","tages_distanz_median_weiblich","mediane Tagesdistanz der Frauen","CH","km","intervista Tracking-panel","tÃ¤glich","ja","https://github.com/statistikZH/covid19monitoring_mobility_intervista"
2020-02-23,13.5413911147038,"MobilitÃ¤t","tages_distanz_median","mediane Tagesdistanz","CH","km","intervista Tracking-panel","tÃ¤glich","ja","https://github.com/statistikZH/covid19monitoring_mobility_intervista"
2020-02-23,13.5413911147038,"MobilitÃ¤t","tages_distanz_median","mediane Tagesdistanz","CH","km","intervista Tracking-panel","tÃ¤glich","ja","https://github.com/statistikZH/covid19monitoring_mobility_intervista"
2020-02-23,26.2502289311482,"MobilitÃ¤t","tages_distanz_median_alter_1529","mediane Tagesdistanz der 15-29-Jährigen","CH","km","intervista Tracking-panel","tÃ¤glich","ja","https://github.com/statistikZH/covid19monitoring_mobility_intervista"
2020-02-23,12.2746453296484,"MobilitÃ¤t","tages_distanz_median_alter_3064","mediane Tagesdistanz der 30-64-Jährigen","CH","km","intervista Tracking-panel","tÃ¤glich","ja","https://github.com/statistikZH/covid19monitoring_mobility_intervista"
2020-02-23,6.92358905351229,"MobilitÃ¤t","tages_distanz_median_alter_6579","mediane Tagesdistanz der über 65-Jährigen","CH","km","intervista Tracking-panel","tÃ¤glich","ja","https://github.com/statistikZH/covid19monitoring_mobility_intervista"
2020-02-23,24.6554982038523,"MobilitÃ¤t","tages_distanz_median_in_ausbildung","mediane Tagesdistanz in Ausbildung","CH","km","intervista Tracking-panel","tÃ¤glich","ja","https://github.com/statistikZH/covid19monitoring_mobility_intervista"
2020-02-23,12.2624925622859,"MobilitÃ¤t","tages_distanz_median_weiblich","mediane Tagesdistanz der Frauen","CH","km","intervista Tracking-panel","tÃ¤glich","ja","https://github.com/statistikZH/covid19monitoring_mobility_intervista"
2020-02-24,23.8664218586714,"MobilitÃ¤t","tages_distanz_median","mediane Tagesdistanz","CH","km","intervista Tracking-panel","tÃ¤glich","ja","https://github.com/statistikZH/covid19monitoring_mobility_intervista"
2020-02-24,23.8664218586714,"MobilitÃ¤t","tages_distanz_median","mediane Tagesdistanz","CH","km","intervista Tracking-panel","tÃ¤glich","ja","https://github.com/statistikZH/covid19monitoring_mobility_intervista"
2020-02-24,28.396653479542,"MobilitÃ¤t","tages_distanz_median_alter_1529","mediane Tagesdistanz der 15-29-Jährigen","CH","km","intervista Tracking-panel","tÃ¤glich","ja","https://github.com/statistikZH/covid19monitoring_mobility_intervista"
2020-02-24,24.5112365141909,"MobilitÃ¤t","tages_distanz_median_alter_3064","mediane Tagesdistanz der 30-64-Jährigen","CH","km","intervista Tracking-panel","tÃ¤glich","ja","https://github.com/statistikZH/covid19monitoring_mobility_intervista"
2020-02-24,13.1747332546294,"MobilitÃ¤t","tages_distanz_median_alter_6579","mediane Tagesdistanz der über 65-Jährigen","CH","km","intervista Tracking-panel","tÃ¤glich","ja","https://github.com/statistikZH/covid19monitoring_mobility_intervista"
2020-02-24,27.9406939448273,"MobilitÃ¤t","tages_distanz_median_in_ausbildung","mediane Tagesdistanz in Ausbildung","CH","km","intervista Tracking-panel","tÃ¤glich","ja","https://github.com/statistikZH/covid19monitoring_mobility_intervista"
2020-02-24,21.3189037351589,"MobilitÃ¤t","tages_distanz_median_weiblich","mediane Tagesdistanz der Frauen","CH","km","intervista Tracking-panel","tÃ¤glich","ja","https://github.com/statistikZH/covid19monitoring_mobility_intervista"
2020-02-25,21.5536483299755,"MobilitÃ¤t","tages_distanz_median","mediane Tagesdistanz","CH","km","intervista Tracking-panel","tÃ¤glich","ja","https://github.com/statistikZH/covid19monitoring_mobility_intervista"
2020-02-25,21.5536483299755,"MobilitÃ¤t","tages_distanz_median","mediane Tagesdistanz","CH","km","intervista Tracking-panel","tÃ¤glich","ja","https://github.com/statistikZH/covid19monitoring_mobility_intervista"
2020-02-25,25.0878310818344,"MobilitÃ¤t","tages_distanz_median_alter_1529","mediane Tagesdistanz der 15-29-Jährigen","CH","km","intervista Tracking-panel","tÃ¤glich","ja","https://github.com/statistikZH/covid19monitoring_mobility_intervista"
2020-02-25,23.4172598748785,"MobilitÃ¤t","tages_distanz_median_alter_3064","mediane Tagesdistanz der 30-64-Jährigen","CH","km","intervista Tracking-panel","tÃ¤glich","ja","https://github.com/statistikZH/covid19monitoring_mobility_intervista"
2020-02-25,10.4296658687138,"MobilitÃ¤t","tages_distanz_median_alter_6579","mediane Tagesdistanz der über 65-Jährigen","CH","km","intervista Tracking-panel","tÃ¤glich","ja","https://github.com/statistikZH/covid19monitoring_mobility_intervista"
2020-02-25,23.0665742951321,"MobilitÃ¤t","tages_distanz_median_in_ausbildung","mediane Tagesdistanz in Ausbildung","CH","km","intervista Tracking-panel","tÃ¤glich","ja","https://github.com/statistikZH/covid19monitoring_mobility_intervista"
2020-02-25,17.857235865729,"MobilitÃ¤t","tages_distanz_median_weiblich","mediane Tagesdistanz der Frauen","CH","km","intervista Tracking-panel","tÃ¤glich","ja","https://github.com/statistikZH/covid19monitoring_mobility_intervista"
2020-02-26,20.0651901962039,"MobilitÃ¤t","tages_distanz_median","mediane Tagesdistanz","CH","km","intervista Tracking-panel","tÃ¤glich","ja","https://github.com/statistikZH/covid19monitoring_mobility_intervista"
2020-02-26,20.0651901962039,"MobilitÃ¤t","tages_distanz_median","mediane Tagesdistanz","CH","km","intervista Tracking-panel","tÃ¤glich","ja","https://github.com/statistikZH/covid19monitoring_mobility_intervista"
2020-02-26,25.0063242413415,"MobilitÃ¤t","tages_distanz_median_alter_1529","mediane Tagesdistanz der 15-29-Jährigen","CH","km","intervista Tracking-panel","tÃ¤glich","ja","https://github.com/statistikZH/covid19monitoring_mobility_intervista"
2020-02-26,21.9843610899439,"MobilitÃ¤t","tages_distanz_median_alter_3064","mediane Tagesdistanz der 30-64-Jährigen","CH","km","intervista Tracking-panel","tÃ¤glich","ja","https://github.com/statistikZH/covid19monitoring_mobility_intervista"
2020-02-26,9.20120403919878,"MobilitÃ¤t","tages_distanz_median_alter_6579","mediane Tagesdistanz der über 65-Jährigen","CH","km","intervista Tracking-panel","tÃ¤glich","ja","https://github.com/statistikZH/covid19monitoring_mobility_intervista"
2020-02-26,18.4749988411808,"MobilitÃ¤t","tages_distanz_median_in_ausbildung","mediane Tagesdistanz in Ausbildung","CH","km","intervista Tracking-panel","tÃ¤glich","ja","https://github.com/statistikZH/covid19monitoring_mobility_intervista"
2020-02-26,16.6981030134815,"MobilitÃ¤t","tages_distanz_median_weiblich","mediane Tagesdistanz der Frauen","CH","km","intervista Tracking-panel","tÃ¤glich","ja","https://github.com/statistikZH/covid19monitoring_mobility_intervista"
2020-02-27,22.1091755932093,"MobilitÃ¤t","tages_distanz_median","mediane Tagesdistanz","CH","km","intervista Tracking-panel","tÃ¤glich","ja","https://github.com/statistikZH/covid19monitoring_mobility_intervista"
2020-02-27,22.1091755932093,"MobilitÃ¤t","tages_distanz_median","mediane Tagesdistanz","CH","km","intervista Tracking-panel","tÃ¤glich","ja","https://github.com/statistikZH/covid19monitoring_mobility_intervista"
2020-02-27,27.8223774104636,"MobilitÃ¤t","tages_distanz_median_alter_1529","mediane Tagesdistanz der 15-29-Jährigen","CH","km","intervista Tracking-panel","tÃ¤glich","ja","https://github.com/statistikZH/covid19monitoring_mobility_intervista"
2020-02-27,23.846311794705,"MobilitÃ¤t","tages_distanz_median_alter_3064","mediane Tagesdistanz der 30-64-Jährigen","CH","km","intervista Tracking-panel","tÃ¤glich","ja","https://github.com/statistikZH/covid19monitoring_mobility_intervista"
2020-02-27,12.3847524600917,"MobilitÃ¤t","tages_distanz_median_alter_6579","mediane Tagesdistanz der über 65-Jährigen","CH","km","intervista Tracking-panel","tÃ¤glich","ja","https://github.com/statistikZH/covid19monitoring_mobility_intervista"
2020-02-27,22.2720280610925,"MobilitÃ¤t","tages_distanz_median_in_ausbildung","mediane Tagesdistanz in Ausbildung","CH","km","intervista Tracking-panel","tÃ¤glich","ja","https://github.com/statistikZH/covid19monitoring_mobility_intervista"
2020-02-27,18.1481909251857,"MobilitÃ¤t","tages_distanz_median_weiblich","mediane Tagesdistanz der Frauen","CH","km","intervista Tracking-panel","tÃ¤glich","ja","https://github.com/statistikZH/covid19monitoring_mobility_intervista"
2020-02-28,25.715501636699,"MobilitÃ¤t","tages_distanz_median","mediane Tagesdistanz","CH","km","intervista Tracking-panel","tÃ¤glich","ja","https://github.com/statistikZH/covid19monitoring_mobility_intervista"
2020-02-28,25.715501636699,"MobilitÃ¤t","tages_distanz_median","mediane Tagesdistanz","CH","km","intervista Tracking-panel","tÃ¤glich","ja","https://github.com/statistikZH/covid19monitoring_mobility_intervista"
2020-02-28,34.9755481265037,"MobilitÃ¤t","tages_distanz_median_alter_1529","mediane Tagesdistanz der 15-29-Jährigen","CH","km","intervista Tracking-panel","tÃ¤glich","ja","https://github.com/statistikZH/covid19monitoring_mobility_intervista"
2020-02-28,25.326357214351,"MobilitÃ¤t","tages_distanz_median_alter_3064","mediane Tagesdistanz der 30-64-Jährigen","CH","km","intervista Tracking-panel","tÃ¤glich","ja","https://github.com/statistikZH/covid19monitoring_mobility_intervista"
2020-02-28,16.4204447307805,"MobilitÃ¤t","tages_distanz_median_alter_6579","mediane Tagesdistanz der über 65-Jährigen","CH","km","intervista Tracking-panel","tÃ¤glich","ja","https://github.com/statistikZH/covid19monitoring_mobility_intervista"
2020-02-28,32.9652551869988,"MobilitÃ¤t","tages_distanz_median_in_ausbildung","mediane Tagesdistanz in Ausbildung","CH","km","intervista Tracking-panel","tÃ¤glich","ja","https://github.com/statistikZH/covid19monitoring_mobility_intervista"
2020-02-28,22.736935277169,"MobilitÃ¤t","tages_distanz_median_weiblich","mediane Tagesdistanz der Frauen","CH","km","intervista Tracking-panel","tÃ¤glich","ja","https://github.com/statistikZH/covid19monitoring_mobility_intervista"
2020-02-29,19.3101400233307,"MobilitÃ¤t","tages_distanz_median","mediane Tagesdistanz","CH","km","intervista Tracking-panel","tÃ¤glich","ja","https://github.com/statistikZH/covid19monitoring_mobility_intervista"
2020-02-29,19.3101400233307,"MobilitÃ¤t","tages_distanz_median","mediane Tagesdistanz","CH","km","intervista Tracking-panel","tÃ¤glich","ja","https://github.com/statistikZH/covid19monitoring_mobility_intervista"
2020-02-29,29.6316011957456,"MobilitÃ¤t","tages_distanz_median_alter_1529","mediane Tagesdistanz der 15-29-Jährigen","CH","km","intervista Tracking-panel","tÃ¤glich","ja","https://github.com/statistikZH/covid19monitoring_mobility_intervista"
2020-02-29,18.5039763199777,"MobilitÃ¤t","tages_distanz_median_alter_3064","mediane Tagesdistanz der 30-64-Jährigen","CH","km","intervista Tracking-panel","tÃ¤glich","ja","https://github.com/statistikZH/covid19monitoring_mobility_intervista"
2020-02-29,10.2675074892874,"MobilitÃ¤t","tages_distanz_median_alter_6579","mediane Tagesdistanz der über 65-Jährigen","CH","km","intervista Tracking-panel","tÃ¤glich","ja","https://github.com/statistikZH/covid19monitoring_mobility_intervista"
2020-02-29,28.432831888452,"MobilitÃ¤t","tages_distanz_median_in_ausbildung","mediane Tagesdistanz in Ausbildung","CH","km","intervista Tracking-panel","tÃ¤glich","ja","https://github.com/statistikZH/covid19monitoring_mobility_intervista"
2020-02-29,17.2590098501393,"MobilitÃ¤t","tages_distanz_median_weiblich","mediane Tagesdistanz der Frauen","CH","km","intervista Tracking-panel","tÃ¤glich","ja","https://github.com/statistikZH/covid19monitoring_mobility_intervista"
2020-03-01,11.7732420401997,"MobilitÃ¤t","tages_distanz_median","mediane Tagesdistanz","CH","km","intervista Tracking-panel","tÃ¤glich","ja","https://github.com/statistikZH/covid19monitoring_mobility_intervista"
2020-03-01,11.7732420401997,"MobilitÃ¤t","tages_distanz_median","mediane Tagesdistanz","CH","km","intervista Tracking-panel","tÃ¤glich","ja","https://github.com/statistikZH/covid19monitoring_mobility_intervista"
2020-03-01,24.2950813272289,"MobilitÃ¤t","tages_distanz_median_alter_1529","mediane Tagesdistanz der 15-29-Jährigen","CH","km","intervista Tracking-panel","tÃ¤glich","ja","https://github.com/statistikZH/covid19monitoring_mobility_intervista"
2020-03-01,10.4548525510121,"MobilitÃ¤t","tages_distanz_median_alter_3064","mediane Tagesdistanz der 30-64-Jährigen","CH","km","intervista Tracking-panel","tÃ¤glich","ja","https://github.com/statistikZH/covid19monitoring_mobility_intervista"
2020-03-01,7.02206463604747,"MobilitÃ¤t","tages_distanz_median_alter_6579","mediane Tagesdistanz der über 65-Jährigen","CH","km","intervista Tracking-panel","tÃ¤glich","ja","https://github.com/statistikZH/covid19monitoring_mobility_intervista"
2020-03-01,22.4065570000225,"MobilitÃ¤t","tages_distanz_median_in_ausbildung","mediane Tagesdistanz in Ausbildung","CH","km","intervista Tracking-panel","tÃ¤glich","ja","https://github.com/statistikZH/covid19monitoring_mobility_intervista"
2020-03-01,9.88509011872528,"MobilitÃ¤t","tages_distanz_median_weiblich","mediane Tagesdistanz der Frauen","CH","km","intervista Tracking-panel","tÃ¤glich","ja","https://github.com/statistikZH/covid19monitoring_mobility_intervista"
2020-03-02,21.5993878675392,"MobilitÃ¤t","tages_distanz_median","mediane Tagesdistanz","CH","km","intervista Tracking-panel","tÃ¤glich","ja","https://github.com/statistikZH/covid19monitoring_mobility_intervista"
2020-03-02,21.5993878675392,"MobilitÃ¤t","tages_distanz_median","mediane Tagesdistanz","CH","km","intervista Tracking-panel","tÃ¤glich","ja","https://github.com/statistikZH/covid19monitoring_mobility_intervista"
2020-03-02,26.9339873452618,"MobilitÃ¤t","tages_distanz_median_alter_1529","mediane Tagesdistanz der 15-29-Jährigen","CH","km","intervista Tracking-panel","tÃ¤glich","ja","https://github.com/statistikZH/covid19monitoring_mobility_intervista"
2020-03-02,22.3736077871072,"MobilitÃ¤t","tages_distanz_median_alter_3064","mediane Tagesdistanz der 30-64-Jährigen","CH","km","intervista Tracking-panel","tÃ¤glich","ja","https://github.com/statistikZH/covid19monitoring_mobility_intervista"
2020-03-02,10.8466933088223,"MobilitÃ¤t","tages_distanz_median_alter_6579","mediane Tagesdistanz der über 65-Jährigen","CH","km","intervista Tracking-panel","tÃ¤glich","ja","https://github.com/statistikZH/covid19monitoring_mobility_intervista"
2020-03-02,23.8607062232973,"MobilitÃ¤t","tages_distanz_median_in_ausbildung","mediane Tagesdistanz in Ausbildung","CH","km","intervista Tracking-panel","tÃ¤glich","ja","https://github.com/statistikZH/covid19monitoring_mobility_intervista"
2020-03-02,17.9538903056669,"MobilitÃ¤t","tages_distanz_median_weiblich","mediane Tagesdistanz der Frauen","CH","km","intervista Tracking-panel","tÃ¤glich","ja","https://github.com/statistikZH/covid19monitoring_mobility_intervista"
2020-03-03,21.9096347339949,"MobilitÃ¤t","tages_distanz_median","mediane Tagesdistanz","CH","km","intervista Tracking-panel","tÃ¤glich","ja","https://github.com/statistikZH/covid19monitoring_mobility_intervista"
2020-03-03,21.9096347339949,"MobilitÃ¤t","tages_distanz_median","mediane Tagesdistanz","CH","km","intervista Tracking-panel","tÃ¤glich","ja","https://github.com/statistikZH/covid19monitoring_mobility_intervista"
2020-03-03,28.1966493855545,"MobilitÃ¤t","tages_distanz_median_alter_1529","mediane Tagesdistanz der 15-29-Jährigen","CH","km","intervista Tracking-panel","tÃ¤glich","ja","https://github.com/statistikZH/covid19monitoring_mobility_intervista"
2020-03-03,22.5090018244398,"MobilitÃ¤t","tages_distanz_median_alter_3064","mediane Tagesdistanz der 30-64-Jährigen","CH","km","intervista Tracking-panel","tÃ¤glich","ja","https://github.com/statistikZH/covid19monitoring_mobility_intervista"
2020-03-03,12.6129389517616,"MobilitÃ¤t","tages_distanz_median_alter_6579","mediane Tagesdistanz der über 65-Jährigen","CH","km","intervista Tracking-panel","tÃ¤glich","ja","https://github.com/statistikZH/covid19monitoring_mobility_intervista"
2020-03-03,22.1524273235864,"MobilitÃ¤t","tages_distanz_median_in_ausbildung","mediane Tagesdistanz in Ausbildung","CH","km","intervista Tracking-panel","tÃ¤glich","ja","https://github.com/statistikZH/covid19monitoring_mobility_intervista"
2020-03-03,17.8949598162285,"MobilitÃ¤t","tages_distanz_median_weiblich","mediane Tagesdistanz der Frauen","CH","km","intervista Tracking-panel","tÃ¤glich","ja","https://github.com/statistikZH/covid19monitoring_mobility_intervista"
2020-03-04,23.6689354614813,"MobilitÃ¤t","tages_distanz_median","mediane Tagesdistanz","CH","km","intervista Tracking-panel","tÃ¤glich","ja","https://github.com/statistikZH/covid19monitoring_mobility_intervista"
2020-03-04,23.6689354614813,"MobilitÃ¤t","tages_distanz_median","mediane Tagesdistanz","CH","km","intervista Tracking-panel","tÃ¤glich","ja","https://github.com/statistikZH/covid19monitoring_mobility_intervista"
2020-03-04,25.9443281158081,"MobilitÃ¤t","tages_distanz_median_alter_1529","mediane Tagesdistanz der 15-29-Jährigen","CH","km","intervista Tracking-panel","tÃ¤glich","ja","https://github.com/statistikZH/covid19monitoring_mobility_intervista"
2020-03-04,24.5873623826977,"MobilitÃ¤t","tages_distanz_median_alter_3064","mediane Tagesdistanz der 30-64-Jährigen","CH","km","intervista Tracking-panel","tÃ¤glich","ja","https://github.com/statistikZH/covid19monitoring_mobility_intervista"
2020-03-04,14.6015637662853,"MobilitÃ¤t","tages_distanz_median_alter_6579","mediane Tagesdistanz der über 65-Jährigen","CH","km","intervista Tracking-panel","tÃ¤glich","ja","https://github.com/statistikZH/covid19monitoring_mobility_intervista"
2020-03-04,22.7313393702238,"MobilitÃ¤t","tages_distanz_median_in_ausbildung","mediane Tagesdistanz in Ausbildung","CH","km","intervista Tracking-panel","tÃ¤glich","ja","https://github.com/statistikZH/covid19monitoring_mobility_intervista"
2020-03-04,20.8935563566147,"MobilitÃ¤t","tages_distanz_median_weiblich","mediane Tagesdistanz der Frauen","CH","km","intervista Tracking-panel","tÃ¤glich","ja","https://github.com/statistikZH/covid19monitoring_mobility_intervista"
2020-03-05,23.1123999018799,"MobilitÃ¤t","tages_distanz_median","mediane Tagesdistanz","CH","km","intervista Tracking-panel","tÃ¤glich","ja","https://github.com/statistikZH/covid19monitoring_mobility_intervista"
2020-03-05,23.1123999018799,"MobilitÃ¤t","tages_distanz_median","mediane Tagesdistanz","CH","km","intervista Tracking-panel","tÃ¤glich","ja","https://github.com/statistikZH/covid19monitoring_mobility_intervista"
2020-03-05,27.460069346946,"MobilitÃ¤t","tages_distanz_median_alter_1529","mediane Tagesdistanz der 15-29-Jährigen","CH","km","intervista Tracking-panel","tÃ¤glich","ja","https://github.com/statistikZH/covid19monitoring_mobility_intervista"
2020-03-05,23.9992548594111,"MobilitÃ¤t","tages_distanz_median_alter_3064","mediane Tagesdistanz der 30-64-Jährigen","CH","km","intervista Tracking-panel","tÃ¤glich","ja","https://github.com/statistikZH/covid19monitoring_mobility_intervista"
2020-03-05,13.9921021725523,"MobilitÃ¤t","tages_distanz_median_alter_6579","mediane Tagesdistanz der über 65-Jährigen","CH","km","intervista Tracking-panel","tÃ¤glich","ja","https://github.com/statistikZH/covid19monitoring_mobility_intervista"
2020-03-05,23.0557739470739,"MobilitÃ¤t","tages_distanz_median_in_ausbildung","mediane Tagesdistanz in Ausbildung","CH","km","intervista Tracking-panel","tÃ¤glich","ja","https://github.com/statistikZH/covid19monitoring_mobility_intervista"
2020-03-05,20.1237811696466,"MobilitÃ¤t","tages_distanz_median_weiblich","mediane Tagesdistanz der Frauen","CH","km","intervista Tracking-panel","tÃ¤glich","ja","https://github.com/statistikZH/covid19monitoring_mobility_intervista"
2020-03-06,24.2414838157059,"MobilitÃ¤t","tages_distanz_median","mediane Tagesdistanz","CH","km","intervista Tracking-panel","tÃ¤glich","ja","https://github.com/statistikZH/covid19monitoring_mobility_intervista"
2020-03-06,24.2414838157059,"MobilitÃ¤t","tages_distanz_median","mediane Tagesdistanz","CH","km","intervista Tracking-panel","tÃ¤glich","ja","https://github.com/statistikZH/covid19monitoring_mobility_intervista"
2020-03-06,32.3847986575694,"MobilitÃ¤t","tages_distanz_median_alter_1529","mediane Tagesdistanz der 15-29-Jährigen","CH","km","intervista Tracking-panel","tÃ¤glich","ja","https://github.com/statistikZH/covid19monitoring_mobility_intervista"
2020-03-06,23.5107071402225,"MobilitÃ¤t","tages_distanz_median_alter_3064","mediane Tagesdistanz der 30-64-Jährigen","CH","km","intervista Tracking-panel","tÃ¤glich","ja","https://github.com/statistikZH/covid19monitoring_mobility_intervista"
2020-03-06,15.0880386248508,"MobilitÃ¤t","tages_distanz_median_alter_6579","mediane Tagesdistanz der über 65-Jährigen","CH","km","intervista Tracking-panel","tÃ¤glich","ja","https://github.com/statistikZH/covid19monitoring_mobility_intervista"
2020-03-06,34.5201505692232,"MobilitÃ¤t","tages_distanz_median_in_ausbildung","mediane Tagesdistanz in Ausbildung","CH","km","intervista Tracking-panel","tÃ¤glich","ja","https://github.com/statistikZH/covid19monitoring_mobility_intervista"
2020-03-06,22.0404974493393,"MobilitÃ¤t","tages_distanz_median_weiblich","mediane Tagesdistanz der Frauen","CH","km","intervista Tracking-panel","tÃ¤glich","ja","https://github.com/statistikZH/covid19monitoring_mobility_intervista"
2020-03-07,18.9670895396051,"MobilitÃ¤t","tages_distanz_median","mediane Tagesdistanz","CH","km","intervista Tracking-panel","tÃ¤glich","ja","https://github.com/statistikZH/covid19monitoring_mobility_intervista"
2020-03-07,18.9670895396051,"MobilitÃ¤t","tages_distanz_median","mediane Tagesdistanz","CH","km","intervista Tracking-panel","tÃ¤glich","ja","https://github.com/statistikZH/covid19monitoring_mobility_intervista"
2020-03-07,26.777955641863,"MobilitÃ¤t","tages_distanz_median_alter_1529","mediane Tagesdistanz der 15-29-Jährigen","CH","km","intervista Tracking-panel","tÃ¤glich","ja","https://github.com/statistikZH/covid19monitoring_mobility_intervista"
2020-03-07,19.7396602502938,"MobilitÃ¤t","tages_distanz_median_alter_3064","mediane Tagesdistanz der 30-64-Jährigen","CH","km","intervista Tracking-panel","tÃ¤glich","ja","https://github.com/statistikZH/covid19monitoring_mobility_intervista"
2020-03-07,9.63206781027756,"MobilitÃ¤t","tages_distanz_median_alter_6579","mediane Tagesdistanz der über 65-Jährigen","CH","km","intervista Tracking-panel","tÃ¤glich","ja","https://github.com/statistikZH/covid19monitoring_mobility_intervista"
2020-03-07,24.6913832887633,"MobilitÃ¤t","tages_distanz_median_in_ausbildung","mediane Tagesdistanz in Ausbildung","CH","km","intervista Tracking-panel","tÃ¤glich","ja","https://github.com/statistikZH/covid19monitoring_mobility_intervista"
2020-03-07,17.3232799551406,"MobilitÃ¤t","tages_distanz_median_weiblich","mediane Tagesdistanz der Frauen","CH","km","intervista Tracking-panel","tÃ¤glich","ja","https://github.com/statistikZH/covid19monitoring_mobility_intervista"
2020-03-08,13.9685478297356,"MobilitÃ¤t","tages_distanz_median","mediane Tagesdistanz","CH","km","intervista Tracking-panel","tÃ¤glich","ja","https://github.com/statistikZH/covid19monitoring_mobility_intervista"
2020-03-08,13.9685478297356,"MobilitÃ¤t","tages_distanz_median","mediane Tagesdistanz","CH","km","intervista Tracking-panel","tÃ¤glich","ja","https://github.com/statistikZH/covid19monitoring_mobility_intervista"
2020-03-08,23.2407450734737,"MobilitÃ¤t","tages_distanz_median_alter_1529","mediane Tagesdistanz der 15-29-Jährigen","CH","km","intervista Tracking-panel","tÃ¤glich","ja","https://github.com/statistikZH/covid19monitoring_mobility_intervista"
2020-03-08,12.9388086489029,"MobilitÃ¤t","tages_distanz_median_alter_3064","mediane Tagesdistanz der 30-64-Jährigen","CH","km","intervista Tracking-panel","tÃ¤glich","ja","https://github.com/statistikZH/covid19monitoring_mobility_intervista"
2020-03-08,10.7578652225903,"MobilitÃ¤t","tages_distanz_median_alter_6579","mediane Tagesdistanz der über 65-Jährigen","CH","km","intervista Tracking-panel","tÃ¤glich","ja","https://github.com/statistikZH/covid19monitoring_mobility_intervista"
2020-03-08,23.414961764082,"MobilitÃ¤t","tages_distanz_median_in_ausbildung","mediane Tagesdistanz in Ausbildung","CH","km","intervista Tracking-panel","tÃ¤glich","ja","https://github.com/statistikZH/covid19monitoring_mobility_intervista"
2020-03-08,13.7038586676998,"MobilitÃ¤t","tages_distanz_median_weiblich","mediane Tagesdistanz der Frauen","CH","km","intervista Tracking-panel","tÃ¤glich","ja","https://github.com/statistikZH/covid19monitoring_mobility_intervista"
2020-03-09,20.1423421940277,"MobilitÃ¤t","tages_distanz_median","mediane Tagesdistanz","CH","km","intervista Tracking-panel","tÃ¤glich","ja","https://github.com/statistikZH/covid19monitoring_mobility_intervista"
2020-03-09,20.1423421940277,"MobilitÃ¤t","tages_distanz_median","mediane Tagesdistanz","CH","km","intervista Tracking-panel","tÃ¤glich","ja","https://github.com/statistikZH/covid19monitoring_mobility_intervista"
2020-03-09,26.123227928975,"MobilitÃ¤t","tages_distanz_median_alter_1529","mediane Tagesdistanz der 15-29-Jährigen","CH","km","intervista Tracking-panel","tÃ¤glich","ja","https://github.com/statistikZH/covid19monitoring_mobility_intervista"
2020-03-09,21.7656407332508,"MobilitÃ¤t","tages_distanz_median_alter_3064","mediane Tagesdistanz der 30-64-Jährigen","CH","km","intervista Tracking-panel","tÃ¤glich","ja","https://github.com/statistikZH/covid19monitoring_mobility_intervista"
2020-03-09,9.67673907147501,"MobilitÃ¤t","tages_distanz_median_alter_6579","mediane Tagesdistanz der über 65-Jährigen","CH","km","intervista Tracking-panel","tÃ¤glich","ja","https://github.com/statistikZH/covid19monitoring_mobility_intervista"
2020-03-09,23.7999640712072,"MobilitÃ¤t","tages_distanz_median_in_ausbildung","mediane Tagesdistanz in Ausbildung","CH","km","intervista Tracking-panel","tÃ¤glich","ja","https://github.com/statistikZH/covid19monitoring_mobility_intervista"
2020-03-09,16.2455422322743,"MobilitÃ¤t","tages_distanz_median_weiblich","mediane Tagesdistanz der Frauen","CH","km","intervista Tracking-panel","tÃ¤glich","ja","https://github.com/statistikZH/covid19monitoring_mobility_intervista"
2020-03-10,20.5809822203363,"MobilitÃ¤t","tages_distanz_median","mediane Tagesdistanz","CH","km","intervista Tracking-panel","tÃ¤glich","ja","https://github.com/statistikZH/covid19monitoring_mobility_intervista"
2020-03-10,20.5809822203363,"MobilitÃ¤t","tages_distanz_median","mediane Tagesdistanz","CH","km","intervista Tracking-panel","tÃ¤glich","ja","https://github.com/statistikZH/covid19monitoring_mobility_intervista"
2020-03-10,22.8127888985878,"MobilitÃ¤t","tages_distanz_median_alter_1529","mediane Tagesdistanz der 15-29-Jährigen","CH","km","intervista Tracking-panel","tÃ¤glich","ja","https://github.com/statistikZH/covid19monitoring_mobility_intervista"
2020-03-10,21.650793237996,"MobilitÃ¤t","tages_distanz_median_alter_3064","mediane Tagesdistanz der 30-64-Jährigen","CH","km","intervista Tracking-panel","tÃ¤glich","ja","https://github.com/statistikZH/covid19monitoring_mobility_intervista"
2020-03-10,12.7672133817346,"MobilitÃ¤t","tages_distanz_median_alter_6579","mediane Tagesdistanz der über 65-Jährigen","CH","km","intervista Tracking-panel","tÃ¤glich","ja","https://github.com/statistikZH/covid19monitoring_mobility_intervista"
2020-03-10,19.6921715085811,"MobilitÃ¤t","tages_distanz_median_in_ausbildung","mediane Tagesdistanz in Ausbildung","CH","km","intervista Tracking-panel","tÃ¤glich","ja","https://github.com/statistikZH/covid19monitoring_mobility_intervista"
2020-03-10,16.3064513844565,"MobilitÃ¤t","tages_distanz_median_weiblich","mediane Tagesdistanz der Frauen","CH","km","intervista Tracking-panel","tÃ¤glich","ja","https://github.com/statistikZH/covid19monitoring_mobility_intervista"
2020-03-11,21.3235447164648,"MobilitÃ¤t","tages_distanz_median","mediane Tagesdistanz","CH","km","intervista Tracking-panel","tÃ¤glich","ja","https://github.com/statistikZH/covid19monitoring_mobility_intervista"
2020-03-11,21.3235447164648,"MobilitÃ¤t","tages_distanz_median","mediane Tagesdistanz","CH","km","intervista Tracking-panel","tÃ¤glich","ja","https://github.com/statistikZH/covid19monitoring_mobility_intervista"
2020-03-11,27.0993935655885,"MobilitÃ¤t","tages_distanz_median_alter_1529","mediane Tagesdistanz der 15-29-Jährigen","CH","km","intervista Tracking-panel","tÃ¤glich","ja","https://github.com/statistikZH/covid19monitoring_mobility_intervista"
2020-03-11,22.8652377433575,"MobilitÃ¤t","tages_distanz_median_alter_3064","mediane Tagesdistanz der 30-64-Jährigen","CH","km","intervista Tracking-panel","tÃ¤glich","ja","https://github.com/statistikZH/covid19monitoring_mobility_intervista"
2020-03-11,12.552792174373,"MobilitÃ¤t","tages_distanz_median_alter_6579","mediane Tagesdistanz der über 65-Jährigen","CH","km","intervista Tracking-panel","tÃ¤glich","ja","https://github.com/statistikZH/covid19monitoring_mobility_intervista"
2020-03-11,22.4685564929164,"MobilitÃ¤t","tages_distanz_median_in_ausbildung","mediane Tagesdistanz in Ausbildung","CH","km","intervista Tracking-panel","tÃ¤glich","ja","https://github.com/statistikZH/covid19monitoring_mobility_intervista"
2020-03-11,17.6143301746824,"MobilitÃ¤t","tages_distanz_median_weiblich","mediane Tagesdistanz der Frauen","CH","km","intervista Tracking-panel","tÃ¤glich","ja","https://github.com/statistikZH/covid19monitoring_mobility_intervista"
2020-03-12,22.2592755997195,"MobilitÃ¤t","tages_distanz_median","mediane Tagesdistanz","CH","km","intervista Tracking-panel","tÃ¤glich","ja","https://github.com/statistikZH/covid19monitoring_mobility_intervista"
2020-03-12,22.2592755997195,"MobilitÃ¤t","tages_distanz_median","mediane Tagesdistanz","CH","km","intervista Tracking-panel","tÃ¤glich","ja","https://github.com/statistikZH/covid19monitoring_mobility_intervista"
2020-03-12,27.6465832014237,"MobilitÃ¤t","tages_distanz_median_alter_1529","mediane Tagesdistanz der 15-29-Jährigen","CH","km","intervista Tracking-panel","tÃ¤glich","ja","https://github.com/statistikZH/covid19monitoring_mobility_intervista"
2020-03-12,23.9454559374475,"MobilitÃ¤t","tages_distanz_median_alter_3064","mediane Tagesdistanz der 30-64-Jährigen","CH","km","intervista Tracking-panel","tÃ¤glich","ja","https://github.com/statistikZH/covid19monitoring_mobility_intervista"
2020-03-12,12.3972690867925,"MobilitÃ¤t","tages_distanz_median_alter_6579","mediane Tagesdistanz der über 65-Jährigen","CH","km","intervista Tracking-panel","tÃ¤glich","ja","https://github.com/statistikZH/covid19monitoring_mobility_intervista"
2020-03-12,22.5935667686677,"MobilitÃ¤t","tages_distanz_median_in_ausbildung","mediane Tagesdistanz in Ausbildung","CH","km","intervista Tracking-panel","tÃ¤glich","ja","https://github.com/statistikZH/covid19monitoring_mobility_intervista"
2020-03-12,19.1850117161063,"MobilitÃ¤t","tages_distanz_median_weiblich","mediane Tagesdistanz der Frauen","CH","km","intervista Tracking-panel","tÃ¤glich","ja","https://github.com/statistikZH/covid19monitoring_mobility_intervista"
2020-03-13,20.7853823652995,"MobilitÃ¤t","tages_distanz_median","mediane Tagesdistanz","CH","km","intervista Tracking-panel","tÃ¤glich","ja","https://github.com/statistikZH/covid19monitoring_mobility_intervista"
2020-03-13,20.7853823652995,"MobilitÃ¤t","tages_distanz_median","mediane Tagesdistanz","CH","km","intervista Tracking-panel","tÃ¤glich","ja","https://github.com/statistikZH/covid19monitoring_mobility_intervista"
2020-03-13,30.8302170337984,"MobilitÃ¤t","tages_distanz_median_alter_1529","mediane Tagesdistanz der 15-29-Jährigen","CH","km","intervista Tracking-panel","tÃ¤glich","ja","https://github.com/statistikZH/covid19monitoring_mobility_intervista"
2020-03-13,20.7406981613321,"MobilitÃ¤t","tages_distanz_median_alter_3064","mediane Tagesdistanz der 30-64-Jährigen","CH","km","intervista Tracking-panel","tÃ¤glich","ja","https://github.com/statistikZH/covid19monitoring_mobility_intervista"
2020-03-13,9.74669199788942,"MobilitÃ¤t","tages_distanz_median_alter_6579","mediane Tagesdistanz der über 65-Jährigen","CH","km","intervista Tracking-panel","tÃ¤glich","ja","https://github.com/statistikZH/covid19monitoring_mobility_intervista"
2020-03-13,31.3771810995626,"MobilitÃ¤t","tages_distanz_median_in_ausbildung","mediane Tagesdistanz in Ausbildung","CH","km","intervista Tracking-panel","tÃ¤glich","ja","https://github.com/statistikZH/covid19monitoring_mobility_intervista"
2020-03-13,17.5890415858704,"MobilitÃ¤t","tages_distanz_median_weiblich","mediane Tagesdistanz der Frauen","CH","km","intervista Tracking-panel","tÃ¤glich","ja","https://github.com/statistikZH/covid19monitoring_mobility_intervista"
2020-03-14,13.5374759876529,"MobilitÃ¤t","tages_distanz_median","mediane Tagesdistanz","CH","km","intervista Tracking-panel","tÃ¤glich","ja","https://github.com/statistikZH/covid19monitoring_mobility_intervista"
2020-03-14,13.5374759876529,"MobilitÃ¤t","tages_distanz_median","mediane Tagesdistanz","CH","km","intervista Tracking-panel","tÃ¤glich","ja","https://github.com/statistikZH/covid19monitoring_mobility_intervista"
2020-03-14,20.2378964490808,"MobilitÃ¤t","tages_distanz_median_alter_1529","mediane Tagesdistanz der 15-29-Jährigen","CH","km","intervista Tracking-panel","tÃ¤glich","ja","https://github.com/statistikZH/covid19monitoring_mobility_intervista"
2020-03-14,13.9855217787912,"MobilitÃ¤t","tages_distanz_median_alter_3064","mediane Tagesdistanz der 30-64-Jährigen","CH","km","intervista Tracking-panel","tÃ¤glich","ja","https://github.com/statistikZH/covid19monitoring_mobility_intervista"
2020-03-14,6.03065720993829,"MobilitÃ¤t","tages_distanz_median_alter_6579","mediane Tagesdistanz der über 65-Jährigen","CH","km","intervista Tracking-panel","tÃ¤glich","ja","https://github.com/statistikZH/covid19monitoring_mobility_intervista"
2020-03-14,17.9193110272237,"MobilitÃ¤t","tages_distanz_median_in_ausbildung","mediane Tagesdistanz in Ausbildung","CH","km","intervista Tracking-panel","tÃ¤glich","ja","https://github.com/statistikZH/covid19monitoring_mobility_intervista"
2020-03-14,11.8848665861637,"MobilitÃ¤t","tages_distanz_median_weiblich","mediane Tagesdistanz der Frauen","CH","km","intervista Tracking-panel","tÃ¤glich","ja","https://github.com/statistikZH/covid19monitoring_mobility_intervista"
2020-03-15,9.36072882419331,"MobilitÃ¤t","tages_distanz_median","mediane Tagesdistanz","CH","km","intervista Tracking-panel","tÃ¤glich","ja","https://github.com/statistikZH/covid19monitoring_mobility_intervista"
2020-03-15,9.36072882419331,"MobilitÃ¤t","tages_distanz_median","mediane Tagesdistanz","CH","km","intervista Tracking-panel","tÃ¤glich","ja","https://github.com/statistikZH/covid19monitoring_mobility_intervista"
2020-03-15,13.4346508398054,"MobilitÃ¤t","tages_distanz_median_alter_1529","mediane Tagesdistanz der 15-29-Jährigen","CH","km","intervista Tracking-panel","tÃ¤glich","ja","https://github.com/statistikZH/covid19monitoring_mobility_intervista"
2020-03-15,8.93723622547914,"MobilitÃ¤t","tages_distanz_median_alter_3064","mediane Tagesdistanz der 30-64-Jährigen","CH","km","intervista Tracking-panel","tÃ¤glich","ja","https://github.com/statistikZH/covid19monitoring_mobility_intervista"
2020-03-15,6.28218693903301,"MobilitÃ¤t","tages_distanz_median_alter_6579","mediane Tagesdistanz der über 65-Jährigen","CH","km","intervista Tracking-panel","tÃ¤glich","ja","https://github.com/statistikZH/covid19monitoring_mobility_intervista"
2020-03-15,15.5149631711985,"MobilitÃ¤t","tages_distanz_median_in_ausbildung","mediane Tagesdistanz in Ausbildung","CH","km","intervista Tracking-panel","tÃ¤glich","ja","https://github.com/statistikZH/covid19monitoring_mobility_intervista"
2020-03-15,8.83162533738191,"MobilitÃ¤t","tages_distanz_median_weiblich","mediane Tagesdistanz der Frauen","CH","km","intervista Tracking-panel","tÃ¤glich","ja","https://github.com/statistikZH/covid19monitoring_mobility_intervista"
2020-03-16,14.2277866296949,"MobilitÃ¤t","tages_distanz_median","mediane Tagesdistanz","CH","km","intervista Tracking-panel","tÃ¤glich","ja","https://github.com/statistikZH/covid19monitoring_mobility_intervista"
2020-03-16,14.2277866296949,"MobilitÃ¤t","tages_distanz_median","mediane Tagesdistanz","CH","km","intervista Tracking-panel","tÃ¤glich","ja","https://github.com/statistikZH/covid19monitoring_mobility_intervista"
2020-03-16,18.9866956556526,"MobilitÃ¤t","tages_distanz_median_alter_1529","mediane Tagesdistanz der 15-29-Jährigen","CH","km","intervista Tracking-panel","tÃ¤glich","ja","https://github.com/statistikZH/covid19monitoring_mobility_intervista"
2020-03-16,15.0534239430496,"MobilitÃ¤t","tages_distanz_median_alter_3064","mediane Tagesdistanz der 30-64-Jährigen","CH","km","intervista Tracking-panel","tÃ¤glich","ja","https://github.com/statistikZH/covid19monitoring_mobility_intervista"
2020-03-16,6.45426349679725,"MobilitÃ¤t","tages_distanz_median_alter_6579","mediane Tagesdistanz der über 65-Jährigen","CH","km","intervista Tracking-panel","tÃ¤glich","ja","https://github.com/statistikZH/covid19monitoring_mobility_intervista"
2020-03-16,14.5695397580287,"MobilitÃ¤t","tages_distanz_median_in_ausbildung","mediane Tagesdistanz in Ausbildung","CH","km","intervista Tracking-panel","tÃ¤glich","ja","https://github.com/statistikZH/covid19monitoring_mobility_intervista"
2020-03-16,11.4546914372168,"MobilitÃ¤t","tages_distanz_median_weiblich","mediane Tagesdistanz der Frauen","CH","km","intervista Tracking-panel","tÃ¤glich","ja","https://github.com/statistikZH/covid19monitoring_mobility_intervista"
2020-03-17,9.46560164816681,"MobilitÃ¤t","tages_distanz_median","mediane Tagesdistanz","CH","km","intervista Tracking-panel","tÃ¤glich","ja","https://github.com/statistikZH/covid19monitoring_mobility_intervista"
2020-03-17,9.46560164816681,"MobilitÃ¤t","tages_distanz_median","mediane Tagesdistanz","CH","km","intervista Tracking-panel","tÃ¤glich","ja","https://github.com/statistikZH/covid19monitoring_mobility_intervista"
2020-03-17,11.1044608086442,"MobilitÃ¤t","tages_distanz_median_alter_1529","mediane Tagesdistanz der 15-29-Jährigen","CH","km","intervista Tracking-panel","tÃ¤glich","ja","https://github.com/statistikZH/covid19monitoring_mobility_intervista"
2020-03-17,11.4306569591875,"MobilitÃ¤t","tages_distanz_median_alter_3064","mediane Tagesdistanz der 30-64-Jährigen","CH","km","intervista Tracking-panel","tÃ¤glich","ja","https://github.com/statistikZH/covid19monitoring_mobility_intervista"
2020-03-17,4.43631553751224,"MobilitÃ¤t","tages_distanz_median_alter_6579","mediane Tagesdistanz der über 65-Jährigen","CH","km","intervista Tracking-panel","tÃ¤glich","ja","https://github.com/statistikZH/covid19monitoring_mobility_intervista"
2020-03-17,5.57264714524307,"MobilitÃ¤t","tages_distanz_median_in_ausbildung","mediane Tagesdistanz in Ausbildung","CH","km","intervista Tracking-panel","tÃ¤glich","ja","https://github.com/statistikZH/covid19monitoring_mobility_intervista"
2020-03-17,7.88544620351226,"MobilitÃ¤t","tages_distanz_median_weiblich","mediane Tagesdistanz der Frauen","CH","km","intervista Tracking-panel","tÃ¤glich","ja","https://github.com/statistikZH/covid19monitoring_mobility_intervista"
2020-03-18,8.87131187791912,"MobilitÃ¤t","tages_distanz_median","mediane Tagesdistanz","CH","km","intervista Tracking-panel","tÃ¤glich","ja","https://github.com/statistikZH/covid19monitoring_mobility_intervista"
2020-03-18,8.87131187791912,"MobilitÃ¤t","tages_distanz_median","mediane Tagesdistanz","CH","km","intervista Tracking-panel","tÃ¤glich","ja","https://github.com/statistikZH/covid19monitoring_mobility_intervista"
2020-03-18,12.5855613678009,"MobilitÃ¤t","tages_distanz_median_alter_1529","mediane Tagesdistanz der 15-29-Jährigen","CH","km","intervista Tracking-panel","tÃ¤glich","ja","https://github.com/statistikZH/covid19monitoring_mobility_intervista"
2020-03-18,9.70655075253739,"MobilitÃ¤t","tages_distanz_median_alter_3064","mediane Tagesdistanz der 30-64-Jährigen","CH","km","intervista Tracking-panel","tÃ¤glich","ja","https://github.com/statistikZH/covid19monitoring_mobility_intervista"
2020-03-18,4.57577842042136,"MobilitÃ¤t","tages_distanz_median_alter_6579","mediane Tagesdistanz der über 65-Jährigen","CH","km","intervista Tracking-panel","tÃ¤glich","ja","https://github.com/statistikZH/covid19monitoring_mobility_intervista"
2020-03-18,8.86009635289583,"MobilitÃ¤t","tages_distanz_median_in_ausbildung","mediane Tagesdistanz in Ausbildung","CH","km","intervista Tracking-panel","tÃ¤glich","ja","https://github.com/statistikZH/covid19monitoring_mobility_intervista"
2020-03-18,6.89213939130684,"MobilitÃ¤t","tages_distanz_median_weiblich","mediane Tagesdistanz der Frauen","CH","km","intervista Tracking-panel","tÃ¤glich","ja","https://github.com/statistikZH/covid19monitoring_mobility_intervista"
2020-03-19,8.04121296405249,"MobilitÃ¤t","tages_distanz_median","mediane Tagesdistanz","CH","km","intervista Tracking-panel","tÃ¤glich","ja","https://github.com/statistikZH/covid19monitoring_mobility_intervista"
2020-03-19,8.04121296405249,"MobilitÃ¤t","tages_distanz_median","mediane Tagesdistanz","CH","km","intervista Tracking-panel","tÃ¤glich","ja","https://github.com/statistikZH/covid19monitoring_mobility_intervista"
2020-03-19,8.41804696670772,"MobilitÃ¤t","tages_distanz_median_alter_1529","mediane Tagesdistanz der 15-29-Jährigen","CH","km","intervista Tracking-panel","tÃ¤glich","ja","https://github.com/statistikZH/covid19monitoring_mobility_intervista"
2020-03-19,8.75144130875664,"MobilitÃ¤t","tages_distanz_median_alter_3064","mediane Tagesdistanz der 30-64-Jährigen","CH","km","intervista Tracking-panel","tÃ¤glich","ja","https://github.com/statistikZH/covid19monitoring_mobility_intervista"
2020-03-19,4.58002398357277,"MobilitÃ¤t","tages_distanz_median_alter_6579","mediane Tagesdistanz der über 65-Jährigen","CH","km","intervista Tracking-panel","tÃ¤glich","ja","https://github.com/statistikZH/covid19monitoring_mobility_intervista"
2020-03-19,7.292077684724,"MobilitÃ¤t","tages_distanz_median_in_ausbildung","mediane Tagesdistanz in Ausbildung","CH","km","intervista Tracking-panel","tÃ¤glich","ja","https://github.com/statistikZH/covid19monitoring_mobility_intervista"
2020-03-19,6.80963915894116,"MobilitÃ¤t","tages_distanz_median_weiblich","mediane Tagesdistanz der Frauen","CH","km","intervista Tracking-panel","tÃ¤glich","ja","https://github.com/statistikZH/covid19monitoring_mobility_intervista"
2020-03-20,7.58982914684056,"MobilitÃ¤t","tages_distanz_median","mediane Tagesdistanz","CH","km","intervista Tracking-panel","tÃ¤glich","ja","https://github.com/statistikZH/covid19monitoring_mobility_intervista"
2020-03-20,7.58982914684056,"MobilitÃ¤t","tages_distanz_median","mediane Tagesdistanz","CH","km","intervista Tracking-panel","tÃ¤glich","ja","https://github.com/statistikZH/covid19monitoring_mobility_intervista"
2020-03-20,9.42731848529678,"MobilitÃ¤t","tages_distanz_median_alter_1529","mediane Tagesdistanz der 15-29-Jährigen","CH","km","intervista Tracking-panel","tÃ¤glich","ja","https://github.com/statistikZH/covid19monitoring_mobility_intervista"
2020-03-20,8.46098192260099,"MobilitÃ¤t","tages_distanz_median_alter_3064","mediane Tagesdistanz der 30-64-Jährigen","CH","km","intervista Tracking-panel","tÃ¤glich","ja","https://github.com/statistikZH/covid19monitoring_mobility_intervista"
2020-03-20,3.3826304863283,"MobilitÃ¤t","tages_distanz_median_alter_6579","mediane Tagesdistanz der über 65-Jährigen","CH","km","intervista Tracking-panel","tÃ¤glich","ja","https://github.com/statistikZH/covid19monitoring_mobility_intervista"
2020-03-20,7.90791295705217,"MobilitÃ¤t","tages_distanz_median_in_ausbildung","mediane Tagesdistanz in Ausbildung","CH","km","intervista Tracking-panel","tÃ¤glich","ja","https://github.com/statistikZH/covid19monitoring_mobility_intervista"
2020-03-20,6.34742155642254,"MobilitÃ¤t","tages_distanz_median_weiblich","mediane Tagesdistanz der Frauen","CH","km","intervista Tracking-panel","tÃ¤glich","ja","https://github.com/statistikZH/covid19monitoring_mobility_intervista"
2020-03-21,4.39877750598875,"MobilitÃ¤t","tages_distanz_median","mediane Tagesdistanz","CH","km","intervista Tracking-panel","tÃ¤glich","ja","https://github.com/statistikZH/covid19monitoring_mobility_intervista"
2020-03-21,4.39877750598875,"MobilitÃ¤t","tages_distanz_median","mediane Tagesdistanz","CH","km","intervista Tracking-panel","tÃ¤glich","ja","https://github.com/statistikZH/covid19monitoring_mobility_intervista"
2020-03-21,5.47570248369719,"MobilitÃ¤t","tages_distanz_median_alter_1529","mediane Tagesdistanz der 15-29-Jährigen","CH","km","intervista Tracking-panel","tÃ¤glich","ja","https://github.com/statistikZH/covid19monitoring_mobility_intervista"
2020-03-21,4.63965453671542,"MobilitÃ¤t","tages_distanz_median_alter_3064","mediane Tagesdistanz der 30-64-Jährigen","CH","km","intervista Tracking-panel","tÃ¤glich","ja","https://github.com/statistikZH/covid19monitoring_mobility_intervista"
2020-03-21,2.32869240975923,"MobilitÃ¤t","tages_distanz_median_alter_6579","mediane Tagesdistanz der über 65-Jährigen","CH","km","intervista Tracking-panel","tÃ¤glich","ja","https://github.com/statistikZH/covid19monitoring_mobility_intervista"
2020-03-21,5.45448541433997,"MobilitÃ¤t","tages_distanz_median_in_ausbildung","mediane Tagesdistanz in Ausbildung","CH","km","intervista Tracking-panel","tÃ¤glich","ja","https://github.com/statistikZH/covid19monitoring_mobility_intervista"
2020-03-21,3.76056495558316,"MobilitÃ¤t","tages_distanz_median_weiblich","mediane Tagesdistanz der Frauen","CH","km","intervista Tracking-panel","tÃ¤glich","ja","https://github.com/statistikZH/covid19monitoring_mobility_intervista"
2020-03-22,2.24021391457922,"MobilitÃ¤t","tages_distanz_median","mediane Tagesdistanz","CH","km","intervista Tracking-panel","tÃ¤glich","ja","https://github.com/statistikZH/covid19monitoring_mobility_intervista"
2020-03-22,2.24021391457922,"MobilitÃ¤t","tages_distanz_median","mediane Tagesdistanz","CH","km","intervista Tracking-panel","tÃ¤glich","ja","https://github.com/statistikZH/covid19monitoring_mobility_intervista"
2020-03-22,2.7027145585736,"MobilitÃ¤t","tages_distanz_median_alter_1529","mediane Tagesdistanz der 15-29-Jährigen","CH","km","intervista Tracking-panel","tÃ¤glich","ja","https://github.com/statistikZH/covid19monitoring_mobility_intervista"
2020-03-22,2.27549129637869,"MobilitÃ¤t","tages_distanz_median_alter_3064","mediane Tagesdistanz der 30-64-Jährigen","CH","km","intervista Tracking-panel","tÃ¤glich","ja","https://github.com/statistikZH/covid19monitoring_mobility_intervista"
2020-03-22,1.44811783087102,"MobilitÃ¤t","tages_distanz_median_alter_6579","mediane Tagesdistanz der über 65-Jährigen","CH","km","intervista Tracking-panel","tÃ¤glich","ja","https://github.com/statistikZH/covid19monitoring_mobility_intervista"
2020-03-22,2.56181489181713,"MobilitÃ¤t","tages_distanz_median_in_ausbildung","mediane Tagesdistanz in Ausbildung","CH","km","intervista Tracking-panel","tÃ¤glich","ja","https://github.com/statistikZH/covid19monitoring_mobility_intervista"
2020-03-22,2.25714982488856,"MobilitÃ¤t","tages_distanz_median_weiblich","mediane Tagesdistanz der Frauen","CH","km","intervista Tracking-panel","tÃ¤glich","ja","https://github.com/statistikZH/covid19monitoring_mobility_intervista"
2020-03-23,4.80600066074374,"MobilitÃ¤t","tages_distanz_median","mediane Tagesdistanz","CH","km","intervista Tracking-panel","tÃ¤glich","ja","https://github.com/statistikZH/covid19monitoring_mobility_intervista"
2020-03-23,4.80600066074374,"MobilitÃ¤t","tages_distanz_median","mediane Tagesdistanz","CH","km","intervista Tracking-panel","tÃ¤glich","ja","https://github.com/statistikZH/covid19monitoring_mobility_intervista"
2020-03-23,5.39810197455,"MobilitÃ¤t","tages_distanz_median_alter_1529","mediane Tagesdistanz der 15-29-Jährigen","CH","km","intervista Tracking-panel","tÃ¤glich","ja","https://github.com/statistikZH/covid19monitoring_mobility_intervista"
2020-03-23,5.89156965029626,"MobilitÃ¤t","tages_distanz_median_alter_3064","mediane Tagesdistanz der 30-64-Jährigen","CH","km","intervista Tracking-panel","tÃ¤glich","ja","https://github.com/statistikZH/covid19monitoring_mobility_intervista"
2020-03-23,1.77155573837381,"MobilitÃ¤t","tages_distanz_median_alter_6579","mediane Tagesdistanz der über 65-Jährigen","CH","km","intervista Tracking-panel","tÃ¤glich","ja","https://github.com/statistikZH/covid19monitoring_mobility_intervista"
2020-03-23,3.88786560995578,"MobilitÃ¤t","tages_distanz_median_in_ausbildung","mediane Tagesdistanz in Ausbildung","CH","km","intervista Tracking-panel","tÃ¤glich","ja","https://github.com/statistikZH/covid19monitoring_mobility_intervista"
2020-03-23,3.90689598085654,"MobilitÃ¤t","tages_distanz_median_weiblich","mediane Tagesdistanz der Frauen","CH","km","intervista Tracking-panel","tÃ¤glich","ja","https://github.com/statistikZH/covid19monitoring_mobility_intervista"
2020-03-24,5.41695510936542,"MobilitÃ¤t","tages_distanz_median","mediane Tagesdistanz","CH","km","intervista Tracking-panel","tÃ¤glich","ja","https://github.com/statistikZH/covid19monitoring_mobility_intervista"
2020-03-24,5.41695510936542,"MobilitÃ¤t","tages_distanz_median","mediane Tagesdistanz","CH","km","intervista Tracking-panel","tÃ¤glich","ja","https://github.com/statistikZH/covid19monitoring_mobility_intervista"
2020-03-24,5.94777004318122,"MobilitÃ¤t","tages_distanz_median_alter_1529","mediane Tagesdistanz der 15-29-Jährigen","CH","km","intervista Tracking-panel","tÃ¤glich","ja","https://github.com/statistikZH/covid19monitoring_mobility_intervista"
2020-03-24,5.99644369565799,"MobilitÃ¤t","tages_distanz_median_alter_3064","mediane Tagesdistanz der 30-64-Jährigen","CH","km","intervista Tracking-panel","tÃ¤glich","ja","https://github.com/statistikZH/covid19monitoring_mobility_intervista"
2020-03-24,3.73422776063743,"MobilitÃ¤t","tages_distanz_median_alter_6579","mediane Tagesdistanz der über 65-Jährigen","CH","km","intervista Tracking-panel","tÃ¤glich","ja","https://github.com/statistikZH/covid19monitoring_mobility_intervista"
2020-03-24,3.55267644130006,"MobilitÃ¤t","tages_distanz_median_in_ausbildung","mediane Tagesdistanz in Ausbildung","CH","km","intervista Tracking-panel","tÃ¤glich","ja","https://github.com/statistikZH/covid19monitoring_mobility_intervista"
2020-03-24,4.79781301318354,"MobilitÃ¤t","tages_distanz_median_weiblich","mediane Tagesdistanz der Frauen","CH","km","intervista Tracking-panel","tÃ¤glich","ja","https://github.com/statistikZH/covid19monitoring_mobility_intervista"
2020-03-25,5.0376309963865,"MobilitÃ¤t","tages_distanz_median","mediane Tagesdistanz","CH","km","intervista Tracking-panel","tÃ¤glich","ja","https://github.com/statistikZH/covid19monitoring_mobility_intervista"
2020-03-25,5.0376309963865,"MobilitÃ¤t","tages_distanz_median","mediane Tagesdistanz","CH","km","intervista Tracking-panel","tÃ¤glich","ja","https://github.com/statistikZH/covid19monitoring_mobility_intervista"
2020-03-25,5.8056285364589,"MobilitÃ¤t","tages_distanz_median_alter_1529","mediane Tagesdistanz der 15-29-Jährigen","CH","km","intervista Tracking-panel","tÃ¤glich","ja","https://github.com/statistikZH/covid19monitoring_mobility_intervista"
2020-03-25,5.90264792555484,"MobilitÃ¤t","tages_distanz_median_alter_3064","mediane Tagesdistanz der 30-64-Jährigen","CH","km","intervista Tracking-panel","tÃ¤glich","ja","https://github.com/statistikZH/covid19monitoring_mobility_intervista"
2020-03-25,2.75430826286408,"MobilitÃ¤t","tages_distanz_median_alter_6579","mediane Tagesdistanz der über 65-Jährigen","CH","km","intervista Tracking-panel","tÃ¤glich","ja","https://github.com/statistikZH/covid19monitoring_mobility_intervista"
2020-03-25,2.84007180158752,"MobilitÃ¤t","tages_distanz_median_in_ausbildung","mediane Tagesdistanz in Ausbildung","CH","km","intervista Tracking-panel","tÃ¤glich","ja","https://github.com/statistikZH/covid19monitoring_mobility_intervista"
2020-03-25,4.54699400731966,"MobilitÃ¤t","tages_distanz_median_weiblich","mediane Tagesdistanz der Frauen","CH","km","intervista Tracking-panel","tÃ¤glich","ja","https://github.com/statistikZH/covid19monitoring_mobility_intervista"
2020-03-26,5.84027763448604,"MobilitÃ¤t","tages_distanz_median","mediane Tagesdistanz","CH","km","intervista Tracking-panel","tÃ¤glich","ja","https://github.com/statistikZH/covid19monitoring_mobility_intervista"
2020-03-26,5.84027763448604,"MobilitÃ¤t","tages_distanz_median","mediane Tagesdistanz","CH","km","intervista Tracking-panel","tÃ¤glich","ja","https://github.com/statistikZH/covid19monitoring_mobility_intervista"
2020-03-26,6.34849289290346,"MobilitÃ¤t","tages_distanz_median_alter_1529","mediane Tagesdistanz der 15-29-Jährigen","CH","km","intervista Tracking-panel","tÃ¤glich","ja","https://github.com/statistikZH/covid19monitoring_mobility_intervista"
2020-03-26,6.43137332843798,"MobilitÃ¤t","tages_distanz_median_alter_3064","mediane Tagesdistanz der 30-64-Jährigen","CH","km","intervista Tracking-panel","tÃ¤glich","ja","https://github.com/statistikZH/covid19monitoring_mobility_intervista"
2020-03-26,3.41311542602796,"MobilitÃ¤t","tages_distanz_median_alter_6579","mediane Tagesdistanz der über 65-Jährigen","CH","km","intervista Tracking-panel","tÃ¤glich","ja","https://github.com/statistikZH/covid19monitoring_mobility_intervista"
2020-03-26,5.30007948480772,"MobilitÃ¤t","tages_distanz_median_in_ausbildung","mediane Tagesdistanz in Ausbildung","CH","km","intervista Tracking-panel","tÃ¤glich","ja","https://github.com/statistikZH/covid19monitoring_mobility_intervista"
2020-03-26,5.29400758335529,"MobilitÃ¤t","tages_distanz_median_weiblich","mediane Tagesdistanz der Frauen","CH","km","intervista Tracking-panel","tÃ¤glich","ja","https://github.com/statistikZH/covid19monitoring_mobility_intervista"
2020-03-27,6.69644016372341,"MobilitÃ¤t","tages_distanz_median","mediane Tagesdistanz","CH","km","intervista Tracking-panel","tÃ¤glich","ja","https://github.com/statistikZH/covid19monitoring_mobility_intervista"
2020-03-27,6.69644016372341,"MobilitÃ¤t","tages_distanz_median","mediane Tagesdistanz","CH","km","intervista Tracking-panel","tÃ¤glich","ja","https://github.com/statistikZH/covid19monitoring_mobility_intervista"
2020-03-27,7.14749797178389,"MobilitÃ¤t","tages_distanz_median_alter_1529","mediane Tagesdistanz der 15-29-Jährigen","CH","km","intervista Tracking-panel","tÃ¤glich","ja","https://github.com/statistikZH/covid19monitoring_mobility_intervista"
2020-03-27,7.71077638273045,"MobilitÃ¤t","tages_distanz_median_alter_3064","mediane Tagesdistanz der 30-64-Jährigen","CH","km","intervista Tracking-panel","tÃ¤glich","ja","https://github.com/statistikZH/covid19monitoring_mobility_intervista"
2020-03-27,3.64768664324716,"MobilitÃ¤t","tages_distanz_median_alter_6579","mediane Tagesdistanz der über 65-Jährigen","CH","km","intervista Tracking-panel","tÃ¤glich","ja","https://github.com/statistikZH/covid19monitoring_mobility_intervista"
2020-03-27,6.2821933892935,"MobilitÃ¤t","tages_distanz_median_in_ausbildung","mediane Tagesdistanz in Ausbildung","CH","km","intervista Tracking-panel","tÃ¤glich","ja","https://github.com/statistikZH/covid19monitoring_mobility_intervista"
2020-03-27,5.70252327274918,"MobilitÃ¤t","tages_distanz_median_weiblich","mediane Tagesdistanz der Frauen","CH","km","intervista Tracking-panel","tÃ¤glich","ja","https://github.com/statistikZH/covid19monitoring_mobility_intervista"
2020-03-28,6.40322958905182,"MobilitÃ¤t","tages_distanz_median","mediane Tagesdistanz","CH","km","intervista Tracking-panel","tÃ¤glich","ja","https://github.com/statistikZH/covid19monitoring_mobility_intervista"
2020-03-28,6.40322958905182,"MobilitÃ¤t","tages_distanz_median","mediane Tagesdistanz","CH","km","intervista Tracking-panel","tÃ¤glich","ja","https://github.com/statistikZH/covid19monitoring_mobility_intervista"
2020-03-28,7.94774859981611,"MobilitÃ¤t","tages_distanz_median_alter_1529","mediane Tagesdistanz der 15-29-Jährigen","CH","km","intervista Tracking-panel","tÃ¤glich","ja","https://github.com/statistikZH/covid19monitoring_mobility_intervista"
2020-03-28,7.0223694150139,"MobilitÃ¤t","tages_distanz_median_alter_3064","mediane Tagesdistanz der 30-64-Jährigen","CH","km","intervista Tracking-panel","tÃ¤glich","ja","https://github.com/statistikZH/covid19monitoring_mobility_intervista"
2020-03-28,3.77970993724872,"MobilitÃ¤t","tages_distanz_median_alter_6579","mediane Tagesdistanz der über 65-Jährigen","CH","km","intervista Tracking-panel","tÃ¤glich","ja","https://github.com/statistikZH/covid19monitoring_mobility_intervista"
2020-03-28,5.96475295863258,"MobilitÃ¤t","tages_distanz_median_in_ausbildung","mediane Tagesdistanz in Ausbildung","CH","km","intervista Tracking-panel","tÃ¤glich","ja","https://github.com/statistikZH/covid19monitoring_mobility_intervista"
2020-03-28,5.62124135675047,"MobilitÃ¤t","tages_distanz_median_weiblich","mediane Tagesdistanz der Frauen","CH","km","intervista Tracking-panel","tÃ¤glich","ja","https://github.com/statistikZH/covid19monitoring_mobility_intervista"
2020-03-29,2.13093899833917,"MobilitÃ¤t","tages_distanz_median","mediane Tagesdistanz","CH","km","intervista Tracking-panel","tÃ¤glich","ja","https://github.com/statistikZH/covid19monitoring_mobility_intervista"
2020-03-29,2.13093899833917,"MobilitÃ¤t","tages_distanz_median","mediane Tagesdistanz","CH","km","intervista Tracking-panel","tÃ¤glich","ja","https://github.com/statistikZH/covid19monitoring_mobility_intervista"
2020-03-29,2.66658808111142,"MobilitÃ¤t","tages_distanz_median_alter_1529","mediane Tagesdistanz der 15-29-Jährigen","CH","km","intervista Tracking-panel","tÃ¤glich","ja","https://github.com/statistikZH/covid19monitoring_mobility_intervista"
2020-03-29,2.14644976979405,"MobilitÃ¤t","tages_distanz_median_alter_3064","mediane Tagesdistanz der 30-64-Jährigen","CH","km","intervista Tracking-panel","tÃ¤glich","ja","https://github.com/statistikZH/covid19monitoring_mobility_intervista"
2020-03-29,1.45619347852616,"MobilitÃ¤t","tages_distanz_median_alter_6579","mediane Tagesdistanz der über 65-Jährigen","CH","km","intervista Tracking-panel","tÃ¤glich","ja","https://github.com/statistikZH/covid19monitoring_mobility_intervista"
2020-03-29,1.90467638013511,"MobilitÃ¤t","tages_distanz_median_in_ausbildung","mediane Tagesdistanz in Ausbildung","CH","km","intervista Tracking-panel","tÃ¤glich","ja","https://github.com/statistikZH/covid19monitoring_mobility_intervista"
2020-03-29,1.84451508191808,"MobilitÃ¤t","tages_distanz_median_weiblich","mediane Tagesdistanz der Frauen","CH","km","intervista Tracking-panel","tÃ¤glich","ja","https://github.com/statistikZH/covid19monitoring_mobility_intervista"
2020-03-30,4.56126366410174,"MobilitÃ¤t","tages_distanz_median","mediane Tagesdistanz","CH","km","intervista Tracking-panel","tÃ¤glich","ja","https://github.com/statistikZH/covid19monitoring_mobility_intervista"
2020-03-30,4.56126366410174,"MobilitÃ¤t","tages_distanz_median","mediane Tagesdistanz","CH","km","intervista Tracking-panel","tÃ¤glich","ja","https://github.com/statistikZH/covid19monitoring_mobility_intervista"
2020-03-30,5.26508695679414,"MobilitÃ¤t","tages_distanz_median_alter_1529","mediane Tagesdistanz der 15-29-Jährigen","CH","km","intervista Tracking-panel","tÃ¤glich","ja","https://github.com/statistikZH/covid19monitoring_mobility_intervista"
2020-03-30,6.15129382640249,"MobilitÃ¤t","tages_distanz_median_alter_3064","mediane Tagesdistanz der 30-64-Jährigen","CH","km","intervista Tracking-panel","tÃ¤glich","ja","https://github.com/statistikZH/covid19monitoring_mobility_intervista"
2020-03-30,1.27978777664719,"MobilitÃ¤t","tages_distanz_median_alter_6579","mediane Tagesdistanz der über 65-Jährigen","CH","km","intervista Tracking-panel","tÃ¤glich","ja","https://github.com/statistikZH/covid19monitoring_mobility_intervista"
2020-03-30,3.64637372074291,"MobilitÃ¤t","tages_distanz_median_in_ausbildung","mediane Tagesdistanz in Ausbildung","CH","km","intervista Tracking-panel","tÃ¤glich","ja","https://github.com/statistikZH/covid19monitoring_mobility_intervista"
2020-03-30,4.08451003293193,"MobilitÃ¤t","tages_distanz_median_weiblich","mediane Tagesdistanz der Frauen","CH","km","intervista Tracking-panel","tÃ¤glich","ja","https://github.com/statistikZH/covid19monitoring_mobility_intervista"
2020-03-31,5.93879862671134,"MobilitÃ¤t","tages_distanz_median","mediane Tagesdistanz","CH","km","intervista Tracking-panel","tÃ¤glich","ja","https://github.com/statistikZH/covid19monitoring_mobility_intervista"
2020-03-31,5.93879862671134,"MobilitÃ¤t","tages_distanz_median","mediane Tagesdistanz","CH","km","intervista Tracking-panel","tÃ¤glich","ja","https://github.com/statistikZH/covid19monitoring_mobility_intervista"
2020-03-31,5.67008802917654,"MobilitÃ¤t","tages_distanz_median_alter_1529","mediane Tagesdistanz der 15-29-Jährigen","CH","km","intervista Tracking-panel","tÃ¤glich","ja","https://github.com/statistikZH/covid19monitoring_mobility_intervista"
2020-03-31,6.82769643305917,"MobilitÃ¤t","tages_distanz_median_alter_3064","mediane Tagesdistanz der 30-64-Jährigen","CH","km","intervista Tracking-panel","tÃ¤glich","ja","https://github.com/statistikZH/covid19monitoring_mobility_intervista"
2020-03-31,3.8694591118607,"MobilitÃ¤t","tages_distanz_median_alter_6579","mediane Tagesdistanz der über 65-Jährigen","CH","km","intervista Tracking-panel","tÃ¤glich","ja","https://github.com/statistikZH/covid19monitoring_mobility_intervista"
2020-03-31,4.10455635902622,"MobilitÃ¤t","tages_distanz_median_in_ausbildung","mediane Tagesdistanz in Ausbildung","CH","km","intervista Tracking-panel","tÃ¤glich","ja","https://github.com/statistikZH/covid19monitoring_mobility_intervista"
2020-03-31,5.12174484265671,"MobilitÃ¤t","tages_distanz_median_weiblich","mediane Tagesdistanz der Frauen","CH","km","intervista Tracking-panel","tÃ¤glich","ja","https://github.com/statistikZH/covid19monitoring_mobility_intervista"
2020-04-01,6.47707574121522,"MobilitÃ¤t","tages_distanz_median","mediane Tagesdistanz","CH","km","intervista Tracking-panel","tÃ¤glich","ja","https://github.com/statistikZH/covid19monitoring_mobility_intervista"
2020-04-01,6.47707574121522,"MobilitÃ¤t","tages_distanz_median","mediane Tagesdistanz","CH","km","intervista Tracking-panel","tÃ¤glich","ja","https://github.com/statistikZH/covid19monitoring_mobility_intervista"
2020-04-01,5.74568429414052,"MobilitÃ¤t","tages_distanz_median_alter_1529","mediane Tagesdistanz der 15-29-Jährigen","CH","km","intervista Tracking-panel","tÃ¤glich","ja","https://github.com/statistikZH/covid19monitoring_mobility_intervista"
2020-04-01,7.64610736542026,"MobilitÃ¤t","tages_distanz_median_alter_3064","mediane Tagesdistanz der 30-64-Jährigen","CH","km","intervista Tracking-panel","tÃ¤glich","ja","https://github.com/statistikZH/covid19monitoring_mobility_intervista"
2020-04-01,3.66936262523638,"MobilitÃ¤t","tages_distanz_median_alter_6579","mediane Tagesdistanz der über 65-Jährigen","CH","km","intervista Tracking-panel","tÃ¤glich","ja","https://github.com/statistikZH/covid19monitoring_mobility_intervista"
2020-04-01,4.41838933670053,"MobilitÃ¤t","tages_distanz_median_in_ausbildung","mediane Tagesdistanz in Ausbildung","CH","km","intervista Tracking-panel","tÃ¤glich","ja","https://github.com/statistikZH/covid19monitoring_mobility_intervista"
2020-04-01,5.68726498756095,"MobilitÃ¤t","tages_distanz_median_weiblich","mediane Tagesdistanz der Frauen","CH","km","intervista Tracking-panel","tÃ¤glich","ja","https://github.com/statistikZH/covid19monitoring_mobility_intervista"
2020-04-02,6.68073554775607,"MobilitÃ¤t","tages_distanz_median","mediane Tagesdistanz","CH","km","intervista Tracking-panel","tÃ¤glich","ja","https://github.com/statistikZH/covid19monitoring_mobility_intervista"
2020-04-02,6.68073554775607,"MobilitÃ¤t","tages_distanz_median","mediane Tagesdistanz","CH","km","intervista Tracking-panel","tÃ¤glich","ja","https://github.com/statistikZH/covid19monitoring_mobility_intervista"
2020-04-02,5.9353355876285,"MobilitÃ¤t","tages_distanz_median_alter_1529","mediane Tagesdistanz der 15-29-Jährigen","CH","km","intervista Tracking-panel","tÃ¤glich","ja","https://github.com/statistikZH/covid19monitoring_mobility_intervista"
2020-04-02,7.67544888238244,"MobilitÃ¤t","tages_distanz_median_alter_3064","mediane Tagesdistanz der 30-64-Jährigen","CH","km","intervista Tracking-panel","tÃ¤glich","ja","https://github.com/statistikZH/covid19monitoring_mobility_intervista"
2020-04-02,3.76529153216417,"MobilitÃ¤t","tages_distanz_median_alter_6579","mediane Tagesdistanz der über 65-Jährigen","CH","km","intervista Tracking-panel","tÃ¤glich","ja","https://github.com/statistikZH/covid19monitoring_mobility_intervista"
2020-04-02,4.59656621610568,"MobilitÃ¤t","tages_distanz_median_in_ausbildung","mediane Tagesdistanz in Ausbildung","CH","km","intervista Tracking-panel","tÃ¤glich","ja","https://github.com/statistikZH/covid19monitoring_mobility_intervista"
2020-04-02,6.23333693838569,"MobilitÃ¤t","tages_distanz_median_weiblich","mediane Tagesdistanz der Frauen","CH","km","intervista Tracking-panel","tÃ¤glich","ja","https://github.com/statistikZH/covid19monitoring_mobility_intervista"
2020-04-03,7.38874745512,"MobilitÃ¤t","tages_distanz_median","mediane Tagesdistanz","CH","km","intervista Tracking-panel","tÃ¤glich","ja","https://github.com/statistikZH/covid19monitoring_mobility_intervista"
2020-04-03,7.38874745512,"MobilitÃ¤t","tages_distanz_median","mediane Tagesdistanz","CH","km","intervista Tracking-panel","tÃ¤glich","ja","https://github.com/statistikZH/covid19monitoring_mobility_intervista"
2020-04-03,6.25541645232662,"MobilitÃ¤t","tages_distanz_median_alter_1529","mediane Tagesdistanz der 15-29-Jährigen","CH","km","intervista Tracking-panel","tÃ¤glich","ja","https://github.com/statistikZH/covid19monitoring_mobility_intervista"
2020-04-03,9.4798323751112,"MobilitÃ¤t","tages_distanz_median_alter_3064","mediane Tagesdistanz der 30-64-Jährigen","CH","km","intervista Tracking-panel","tÃ¤glich","ja","https://github.com/statistikZH/covid19monitoring_mobility_intervista"
2020-04-03,3.68416951481521,"MobilitÃ¤t","tages_distanz_median_alter_6579","mediane Tagesdistanz der über 65-Jährigen","CH","km","intervista Tracking-panel","tÃ¤glich","ja","https://github.com/statistikZH/covid19monitoring_mobility_intervista"
2020-04-03,4.25025571177334,"MobilitÃ¤t","tages_distanz_median_in_ausbildung","mediane Tagesdistanz in Ausbildung","CH","km","intervista Tracking-panel","tÃ¤glich","ja","https://github.com/statistikZH/covid19monitoring_mobility_intervista"
2020-04-03,6.64420189036295,"MobilitÃ¤t","tages_distanz_median_weiblich","mediane Tagesdistanz der Frauen","CH","km","intervista Tracking-panel","tÃ¤glich","ja","https://github.com/statistikZH/covid19monitoring_mobility_intervista"
2020-04-04,6.42939312126106,"MobilitÃ¤t","tages_distanz_median","mediane Tagesdistanz","CH","km","intervista Tracking-panel","tÃ¤glich","ja","https://github.com/statistikZH/covid19monitoring_mobility_intervista"
2020-04-04,6.42939312126106,"MobilitÃ¤t","tages_distanz_median","mediane Tagesdistanz","CH","km","intervista Tracking-panel","tÃ¤glich","ja","https://github.com/statistikZH/covid19monitoring_mobility_intervista"
2020-04-04,7.40377454984155,"MobilitÃ¤t","tages_distanz_median_alter_1529","mediane Tagesdistanz der 15-29-Jährigen","CH","km","intervista Tracking-panel","tÃ¤glich","ja","https://github.com/statistikZH/covid19monitoring_mobility_intervista"
2020-04-04,6.94178033665437,"MobilitÃ¤t","tages_distanz_median_alter_3064","mediane Tagesdistanz der 30-64-Jährigen","CH","km","intervista Tracking-panel","tÃ¤glich","ja","https://github.com/statistikZH/covid19monitoring_mobility_intervista"
2020-04-04,3.99142673152329,"MobilitÃ¤t","tages_distanz_median_alter_6579","mediane Tagesdistanz der über 65-Jährigen","CH","km","intervista Tracking-panel","tÃ¤glich","ja","https://github.com/statistikZH/covid19monitoring_mobility_intervista"
2020-04-04,6.56119653408322,"MobilitÃ¤t","tages_distanz_median_in_ausbildung","mediane Tagesdistanz in Ausbildung","CH","km","intervista Tracking-panel","tÃ¤glich","ja","https://github.com/statistikZH/covid19monitoring_mobility_intervista"
2020-04-04,5.65934723834102,"MobilitÃ¤t","tages_distanz_median_weiblich","mediane Tagesdistanz der Frauen","CH","km","intervista Tracking-panel","tÃ¤glich","ja","https://github.com/statistikZH/covid19monitoring_mobility_intervista"
2020-04-05,5.02403465631541,"MobilitÃ¤t","tages_distanz_median","mediane Tagesdistanz","CH","km","intervista Tracking-panel","tÃ¤glich","ja","https://github.com/statistikZH/covid19monitoring_mobility_intervista"
2020-04-05,5.02403465631541,"MobilitÃ¤t","tages_distanz_median","mediane Tagesdistanz","CH","km","intervista Tracking-panel","tÃ¤glich","ja","https://github.com/statistikZH/covid19monitoring_mobility_intervista"
2020-04-05,6.14819712199334,"MobilitÃ¤t","tages_distanz_median_alter_1529","mediane Tagesdistanz der 15-29-Jährigen","CH","km","intervista Tracking-panel","tÃ¤glich","ja","https://github.com/statistikZH/covid19monitoring_mobility_intervista"
2020-04-05,5.2866647361214,"MobilitÃ¤t","tages_distanz_median_alter_3064","mediane Tagesdistanz der 30-64-Jährigen","CH","km","intervista Tracking-panel","tÃ¤glich","ja","https://github.com/statistikZH/covid19monitoring_mobility_intervista"
2020-04-05,4.08600123538912,"MobilitÃ¤t","tages_distanz_median_alter_6579","mediane Tagesdistanz der über 65-Jährigen","CH","km","intervista Tracking-panel","tÃ¤glich","ja","https://github.com/statistikZH/covid19monitoring_mobility_intervista"
2020-04-05,4.92597739965426,"MobilitÃ¤t","tages_distanz_median_in_ausbildung","mediane Tagesdistanz in Ausbildung","CH","km","intervista Tracking-panel","tÃ¤glich","ja","https://github.com/statistikZH/covid19monitoring_mobility_intervista"
2020-04-05,4.7171217372489,"MobilitÃ¤t","tages_distanz_median_weiblich","mediane Tagesdistanz der Frauen","CH","km","intervista Tracking-panel","tÃ¤glich","ja","https://github.com/statistikZH/covid19monitoring_mobility_intervista"
2020-04-06,6.38652689859245,"MobilitÃ¤t","tages_distanz_median","mediane Tagesdistanz","CH","km","intervista Tracking-panel","tÃ¤glich","ja","https://github.com/statistikZH/covid19monitoring_mobility_intervista"
2020-04-06,6.38652689859245,"MobilitÃ¤t","tages_distanz_median","mediane Tagesdistanz","CH","km","intervista Tracking-panel","tÃ¤glich","ja","https://github.com/statistikZH/covid19monitoring_mobility_intervista"
2020-04-06,6.96335231919875,"MobilitÃ¤t","tages_distanz_median_alter_1529","mediane Tagesdistanz der 15-29-Jährigen","CH","km","intervista Tracking-panel","tÃ¤glich","ja","https://github.com/statistikZH/covid19monitoring_mobility_intervista"
2020-04-06,7.58885988471251,"MobilitÃ¤t","tages_distanz_median_alter_3064","mediane Tagesdistanz der 30-64-Jährigen","CH","km","intervista Tracking-panel","tÃ¤glich","ja","https://github.com/statistikZH/covid19monitoring_mobility_intervista"
2020-04-06,3.20175275706771,"MobilitÃ¤t","tages_distanz_median_alter_6579","mediane Tagesdistanz der über 65-Jährigen","CH","km","intervista Tracking-panel","tÃ¤glich","ja","https://github.com/statistikZH/covid19monitoring_mobility_intervista"
2020-04-06,4.8055590096318,"MobilitÃ¤t","tages_distanz_median_in_ausbildung","mediane Tagesdistanz in Ausbildung","CH","km","intervista Tracking-panel","tÃ¤glich","ja","https://github.com/statistikZH/covid19monitoring_mobility_intervista"
2020-04-06,5.05764061601688,"MobilitÃ¤t","tages_distanz_median_weiblich","mediane Tagesdistanz der Frauen","CH","km","intervista Tracking-panel","tÃ¤glich","ja","https://github.com/statistikZH/covid19monitoring_mobility_intervista"
2020-04-07,6.91815869577237,"MobilitÃ¤t","tages_distanz_median","mediane Tagesdistanz","CH","km","intervista Tracking-panel","tÃ¤glich","ja","https://github.com/statistikZH/covid19monitoring_mobility_intervista"
2020-04-07,6.91815869577237,"MobilitÃ¤t","tages_distanz_median","mediane Tagesdistanz","CH","km","intervista Tracking-panel","tÃ¤glich","ja","https://github.com/statistikZH/covid19monitoring_mobility_intervista"
2020-04-07,7.30550786801519,"MobilitÃ¤t","tages_distanz_median_alter_1529","mediane Tagesdistanz der 15-29-Jährigen","CH","km","intervista Tracking-panel","tÃ¤glich","ja","https://github.com/statistikZH/covid19monitoring_mobility_intervista"
2020-04-07,7.66844440289906,"MobilitÃ¤t","tages_distanz_median_alter_3064","mediane Tagesdistanz der 30-64-Jährigen","CH","km","intervista Tracking-panel","tÃ¤glich","ja","https://github.com/statistikZH/covid19monitoring_mobility_intervista"
2020-04-07,3.87902872052433,"MobilitÃ¤t","tages_distanz_median_alter_6579","mediane Tagesdistanz der über 65-Jährigen","CH","km","intervista Tracking-panel","tÃ¤glich","ja","https://github.com/statistikZH/covid19monitoring_mobility_intervista"
2020-04-07,3.65319867250615,"MobilitÃ¤t","tages_distanz_median_in_ausbildung","mediane Tagesdistanz in Ausbildung","CH","km","intervista Tracking-panel","tÃ¤glich","ja","https://github.com/statistikZH/covid19monitoring_mobility_intervista"
2020-04-07,5.65149414574359,"MobilitÃ¤t","tages_distanz_median_weiblich","mediane Tagesdistanz der Frauen","CH","km","intervista Tracking-panel","tÃ¤glich","ja","https://github.com/statistikZH/covid19monitoring_mobility_intervista"
2020-04-08,7.12392490394199,"MobilitÃ¤t","tages_distanz_median","mediane Tagesdistanz","CH","km","intervista Tracking-panel","tÃ¤glich","ja","https://github.com/statistikZH/covid19monitoring_mobility_intervista"
2020-04-08,7.12392490394199,"MobilitÃ¤t","tages_distanz_median","mediane Tagesdistanz","CH","km","intervista Tracking-panel","tÃ¤glich","ja","https://github.com/statistikZH/covid19monitoring_mobility_intervista"
2020-04-08,9.34731981011772,"MobilitÃ¤t","tages_distanz_median_alter_1529","mediane Tagesdistanz der 15-29-Jährigen","CH","km","intervista Tracking-panel","tÃ¤glich","ja","https://github.com/statistikZH/covid19monitoring_mobility_intervista"
2020-04-08,7.99194202693062,"MobilitÃ¤t","tages_distanz_median_alter_3064","mediane Tagesdistanz der 30-64-Jährigen","CH","km","intervista Tracking-panel","tÃ¤glich","ja","https://github.com/statistikZH/covid19monitoring_mobility_intervista"
2020-04-08,4.09263031816836,"MobilitÃ¤t","tages_distanz_median_alter_6579","mediane Tagesdistanz der über 65-Jährigen","CH","km","intervista Tracking-panel","tÃ¤glich","ja","https://github.com/statistikZH/covid19monitoring_mobility_intervista"
2020-04-08,5.66835958526459,"MobilitÃ¤t","tages_distanz_median_in_ausbildung","mediane Tagesdistanz in Ausbildung","CH","km","intervista Tracking-panel","tÃ¤glich","ja","https://github.com/statistikZH/covid19monitoring_mobility_intervista"
2020-04-08,6.12453613747558,"MobilitÃ¤t","tages_distanz_median_weiblich","mediane Tagesdistanz der Frauen","CH","km","intervista Tracking-panel","tÃ¤glich","ja","https://github.com/statistikZH/covid19monitoring_mobility_intervista"
2020-04-09,8.80518588293579,"MobilitÃ¤t","tages_distanz_median","mediane Tagesdistanz","CH","km","intervista Tracking-panel","tÃ¤glich","ja","https://github.com/statistikZH/covid19monitoring_mobility_intervista"
2020-04-09,8.80518588293579,"MobilitÃ¤t","tages_distanz_median","mediane Tagesdistanz","CH","km","intervista Tracking-panel","tÃ¤glich","ja","https://github.com/statistikZH/covid19monitoring_mobility_intervista"
2020-04-09,9.87673150624038,"MobilitÃ¤t","tages_distanz_median_alter_1529","mediane Tagesdistanz der 15-29-Jährigen","CH","km","intervista Tracking-panel","tÃ¤glich","ja","https://github.com/statistikZH/covid19monitoring_mobility_intervista"
2020-04-09,10.0915681325711,"MobilitÃ¤t","tages_distanz_median_alter_3064","mediane Tagesdistanz der 30-64-Jährigen","CH","km","intervista Tracking-panel","tÃ¤glich","ja","https://github.com/statistikZH/covid19monitoring_mobility_intervista"
2020-04-09,4.06929309410343,"MobilitÃ¤t","tages_distanz_median_alter_6579","mediane Tagesdistanz der über 65-Jährigen","CH","km","intervista Tracking-panel","tÃ¤glich","ja","https://github.com/statistikZH/covid19monitoring_mobility_intervista"
2020-04-09,7.84024865525548,"MobilitÃ¤t","tages_distanz_median_in_ausbildung","mediane Tagesdistanz in Ausbildung","CH","km","intervista Tracking-panel","tÃ¤glich","ja","https://github.com/statistikZH/covid19monitoring_mobility_intervista"
2020-04-09,7.75829290561242,"MobilitÃ¤t","tages_distanz_median_weiblich","mediane Tagesdistanz der Frauen","CH","km","intervista Tracking-panel","tÃ¤glich","ja","https://github.com/statistikZH/covid19monitoring_mobility_intervista"
2020-04-10,5.40391898532322,"MobilitÃ¤t","tages_distanz_median","mediane Tagesdistanz","CH","km","intervista Tracking-panel","tÃ¤glich","ja","https://github.com/statistikZH/covid19monitoring_mobility_intervista"
2020-04-10,5.40391898532322,"MobilitÃ¤t","tages_distanz_median","mediane Tagesdistanz","CH","km","intervista Tracking-panel","tÃ¤glich","ja","https://github.com/statistikZH/covid19monitoring_mobility_intervista"
2020-04-10,6.49771215758423,"MobilitÃ¤t","tages_distanz_median_alter_1529","mediane Tagesdistanz der 15-29-Jährigen","CH","km","intervista Tracking-panel","tÃ¤glich","ja","https://github.com/statistikZH/covid19monitoring_mobility_intervista"
2020-04-10,5.69661773243264,"MobilitÃ¤t","tages_distanz_median_alter_3064","mediane Tagesdistanz der 30-64-Jährigen","CH","km","intervista Tracking-panel","tÃ¤glich","ja","https://github.com/statistikZH/covid19monitoring_mobility_intervista"
2020-04-10,3.74244327708566,"MobilitÃ¤t","tages_distanz_median_alter_6579","mediane Tagesdistanz der über 65-Jährigen","CH","km","intervista Tracking-panel","tÃ¤glich","ja","https://github.com/statistikZH/covid19monitoring_mobility_intervista"
2020-04-10,4.12907292793648,"MobilitÃ¤t","tages_distanz_median_in_ausbildung","mediane Tagesdistanz in Ausbildung","CH","km","intervista Tracking-panel","tÃ¤glich","ja","https://github.com/statistikZH/covid19monitoring_mobility_intervista"
2020-04-10,4.97863857498403,"MobilitÃ¤t","tages_distanz_median_weiblich","mediane Tagesdistanz der Frauen","CH","km","intervista Tracking-panel","tÃ¤glich","ja","https://github.com/statistikZH/covid19monitoring_mobility_intervista"
2020-04-11,7.65248638229456,"MobilitÃ¤t","tages_distanz_median","mediane Tagesdistanz","CH","km","intervista Tracking-panel","tÃ¤glich","ja","https://github.com/statistikZH/covid19monitoring_mobility_intervista"
2020-04-11,7.65248638229456,"MobilitÃ¤t","tages_distanz_median","mediane Tagesdistanz","CH","km","intervista Tracking-panel","tÃ¤glich","ja","https://github.com/statistikZH/covid19monitoring_mobility_intervista"
2020-04-11,8.34093124706613,"MobilitÃ¤t","tages_distanz_median_alter_1529","mediane Tagesdistanz der 15-29-Jährigen","CH","km","intervista Tracking-panel","tÃ¤glich","ja","https://github.com/statistikZH/covid19monitoring_mobility_intervista"
2020-04-11,8.71239285461324,"MobilitÃ¤t","tages_distanz_median_alter_3064","mediane Tagesdistanz der 30-64-Jährigen","CH","km","intervista Tracking-panel","tÃ¤glich","ja","https://github.com/statistikZH/covid19monitoring_mobility_intervista"
2020-04-11,4.07201373574653,"MobilitÃ¤t","tages_distanz_median_alter_6579","mediane Tagesdistanz der über 65-Jährigen","CH","km","intervista Tracking-panel","tÃ¤glich","ja","https://github.com/statistikZH/covid19monitoring_mobility_intervista"
2020-04-11,6.1165532063004,"MobilitÃ¤t","tages_distanz_median_in_ausbildung","mediane Tagesdistanz in Ausbildung","CH","km","intervista Tracking-panel","tÃ¤glich","ja","https://github.com/statistikZH/covid19monitoring_mobility_intervista"
2020-04-11,6.97477856938958,"MobilitÃ¤t","tages_distanz_median_weiblich","mediane Tagesdistanz der Frauen","CH","km","intervista Tracking-panel","tÃ¤glich","ja","https://github.com/statistikZH/covid19monitoring_mobility_intervista"
2020-04-12,5.05964253156813,"MobilitÃ¤t","tages_distanz_median","mediane Tagesdistanz","CH","km","intervista Tracking-panel","tÃ¤glich","ja","https://github.com/statistikZH/covid19monitoring_mobility_intervista"
2020-04-12,5.05964253156813,"MobilitÃ¤t","tages_distanz_median","mediane Tagesdistanz","CH","km","intervista Tracking-panel","tÃ¤glich","ja","https://github.com/statistikZH/covid19monitoring_mobility_intervista"
2020-04-12,7.283949243218,"MobilitÃ¤t","tages_distanz_median_alter_1529","mediane Tagesdistanz der 15-29-Jährigen","CH","km","intervista Tracking-panel","tÃ¤glich","ja","https://github.com/statistikZH/covid19monitoring_mobility_intervista"
2020-04-12,4.92133348650511,"MobilitÃ¤t","tages_distanz_median_alter_3064","mediane Tagesdistanz der 30-64-Jährigen","CH","km","intervista Tracking-panel","tÃ¤glich","ja","https://github.com/statistikZH/covid19monitoring_mobility_intervista"
2020-04-12,3.18757670971372,"MobilitÃ¤t","tages_distanz_median_alter_6579","mediane Tagesdistanz der über 65-Jährigen","CH","km","intervista Tracking-panel","tÃ¤glich","ja","https://github.com/statistikZH/covid19monitoring_mobility_intervista"
2020-04-12,5.77565087414436,"MobilitÃ¤t","tages_distanz_median_in_ausbildung","mediane Tagesdistanz in Ausbildung","CH","km","intervista Tracking-panel","tÃ¤glich","ja","https://github.com/statistikZH/covid19monitoring_mobility_intervista"
2020-04-12,4.27895961773779,"MobilitÃ¤t","tages_distanz_median_weiblich","mediane Tagesdistanz der Frauen","CH","km","intervista Tracking-panel","tÃ¤glich","ja","https://github.com/statistikZH/covid19monitoring_mobility_intervista"
2020-04-13,4.83437098181457,"MobilitÃ¤t","tages_distanz_median","mediane Tagesdistanz","CH","km","intervista Tracking-panel","tÃ¤glich","ja","https://github.com/statistikZH/covid19monitoring_mobility_intervista"
2020-04-13,4.83437098181457,"MobilitÃ¤t","tages_distanz_median","mediane Tagesdistanz","CH","km","intervista Tracking-panel","tÃ¤glich","ja","https://github.com/statistikZH/covid19monitoring_mobility_intervista"
2020-04-13,6.39546666727112,"MobilitÃ¤t","tages_distanz_median_alter_1529","mediane Tagesdistanz der 15-29-Jährigen","CH","km","intervista Tracking-panel","tÃ¤glich","ja","https://github.com/statistikZH/covid19monitoring_mobility_intervista"
2020-04-13,4.82935020963043,"MobilitÃ¤t","tages_distanz_median_alter_3064","mediane Tagesdistanz der 30-64-Jährigen","CH","km","intervista Tracking-panel","tÃ¤glich","ja","https://github.com/statistikZH/covid19monitoring_mobility_intervista"
2020-04-13,2.83356647352035,"MobilitÃ¤t","tages_distanz_median_alter_6579","mediane Tagesdistanz der über 65-Jährigen","CH","km","intervista Tracking-panel","tÃ¤glich","ja","https://github.com/statistikZH/covid19monitoring_mobility_intervista"
2020-04-13,4.77762074208293,"MobilitÃ¤t","tages_distanz_median_in_ausbildung","mediane Tagesdistanz in Ausbildung","CH","km","intervista Tracking-panel","tÃ¤glich","ja","https://github.com/statistikZH/covid19monitoring_mobility_intervista"
2020-04-13,3.96271724533593,"MobilitÃ¤t","tages_distanz_median_weiblich","mediane Tagesdistanz der Frauen","CH","km","intervista Tracking-panel","tÃ¤glich","ja","https://github.com/statistikZH/covid19monitoring_mobility_intervista"
